/*
 Navicat Premium Data Transfer

 Source Server         : localhost_3306
 Source Server Type    : MySQL
 Source Server Version : 100410
 Source Host           : localhost:3306
 Source Schema         : market_db

 Target Server Type    : MySQL
 Target Server Version : 100410
 File Encoding         : 65001

 Date: 14/01/2020 20:32:43
*/

SET NAMES utf8mb4;
SET FOREIGN_KEY_CHECKS = 0;

-- ----------------------------
-- Table structure for admin
-- ----------------------------
DROP TABLE IF EXISTS `admin`;
CREATE TABLE `admin`  (
  `admin_id` int(10) UNSIGNED NOT NULL AUTO_INCREMENT,
  `admin_name` varchar(250) CHARACTER SET latin1 COLLATE latin1_swedish_ci NOT NULL,
  `admin_email` varchar(250) CHARACTER SET latin1 COLLATE latin1_swedish_ci NOT NULL,
  `password` varchar(250) CHARACTER SET latin1 COLLATE latin1_swedish_ci NOT NULL,
  PRIMARY KEY (`admin_id`) USING BTREE
) ENGINE = InnoDB AUTO_INCREMENT = 1 CHARACTER SET = latin1 COLLATE = latin1_swedish_ci ROW_FORMAT = Dynamic;

-- ----------------------------
-- Records of admin
-- ----------------------------

-- ----------------------------
-- Table structure for categories
-- ----------------------------
DROP TABLE IF EXISTS `categories`;
CREATE TABLE `categories`  (
  `category_id` int(10) UNSIGNED NOT NULL AUTO_INCREMENT,
  `category_title` varchar(250) CHARACTER SET latin1 COLLATE latin1_swedish_ci NOT NULL,
  `category_desc` text CHARACTER SET latin1 COLLATE latin1_swedish_ci NOT NULL,
  PRIMARY KEY (`category_id`) USING BTREE
) ENGINE = InnoDB AUTO_INCREMENT = 18 CHARACTER SET = latin1 COLLATE = latin1_swedish_ci ROW_FORMAT = Dynamic;

-- ----------------------------
-- Records of categories
-- ----------------------------
INSERT INTO `categories` VALUES (1, 'Apple', 'apple description');
INSERT INTO `categories` VALUES (2, 'Samsung', 'samsung desc');
INSERT INTO `categories` VALUES (3, 'Huawei', 'huawei desc');
INSERT INTO `categories` VALUES (4, 'Sony', 'sony desc');
INSERT INTO `categories` VALUES (5, 'Nokia', 'nokia desc');
INSERT INTO `categories` VALUES (6, 'LG', 'lg desc');
INSERT INTO `categories` VALUES (7, 'Gigaest', 'gigaest desc');
INSERT INTO `categories` VALUES (13, 'notebook', 'asdfasdfasdfasdf');
INSERT INTO `categories` VALUES (14, 'sdfgdsf', 'sdfgsdfgdfg');
INSERT INTO `categories` VALUES (16, 'Lenovo', 'Lenovo-description');
INSERT INTO `categories` VALUES (17, 'HP', 'HP-description');

-- ----------------------------
-- Table structure for ci_sessions
-- ----------------------------
DROP TABLE IF EXISTS `ci_sessions`;
CREATE TABLE `ci_sessions`  (
  `id` varchar(40) CHARACTER SET latin1 COLLATE latin1_swedish_ci NOT NULL,
  `ip_address` varchar(45) CHARACTER SET latin1 COLLATE latin1_swedish_ci NOT NULL,
  `timestamp` int(10) UNSIGNED NOT NULL DEFAULT 0,
  `data` blob NOT NULL,
  INDEX `ci_sessions_timestamp`(`timestamp`) USING BTREE
) ENGINE = InnoDB CHARACTER SET = latin1 COLLATE = latin1_swedish_ci ROW_FORMAT = Dynamic;

-- ----------------------------
-- Records of ci_sessions
-- ----------------------------
INSERT INTO `ci_sessions` VALUES ('2d9aktp0hni20csisb4afe15g0fu7p07', '::1', 1578979991, 0x5F5F63695F6C6173745F726567656E65726174657C693A313537383937393939313B7265675F6E6F7C733A353A2261646D696E223B73656C5F6F7074737C613A313A7B693A303B613A31323A7B733A393A227265706169725F6964223B733A313A2232223B733A31313A2263617465676F72795F6964223B733A313A2231223B733A31343A2263617465676F72795F7469746C65223B733A353A224170706C65223B733A31303A2270726F647563745F6964223B733A323A223136223B733A31333A2270726F647563745F7469746C65223B733A383A226950686F6E653653223B733A31373A227265706169725F6F725F73657276696365223B733A313A2231223B733A383A227375625F74797065223B733A313A2232223B733A31323A227265706169725F7469746C65223B733A32303A226950686F6E6520365320416B6B75746175736368223B733A31343A227265706169725F73756D6D617279223B733A32353A226F726967696E616C204170706C652045727361747A7465696C223B733A31323A227265706169725F7072696365223B733A333A22323030223B733A31303A2270726963655F646F776E223B733A313A2235223B733A383A2273656C6563746564223B733A313A2231223B7D7D746F74616C5F70726963657C693A3139353B6465766963655F6D6F64656C7C733A393A226950686F6E65203653223B74656C6570686F6E655F6E6F7C733A31343A222831313129203131312D31313131223B637572725F757365727C613A313A7B693A303B613A31353A7B733A373A22757365725F6964223B733A333A22323330223B733A343A226E616D65223B733A353A226B696D7273223B733A31303A2266697273745F6E616D65223B733A333A226B696D223B733A31323A22636F6D70616E795F6E616D65223B733A333A22706963223B733A373A227375726E616D65223B733A323A227273223B733A373A2261646472657373223B733A32323A2264616E646F6E67206369747920696E20206368696E61223B733A383A22706F7374636F6465223B733A343A2231323334223B733A353A22706C616365223B733A353A226368696E61223B733A373A22636F756E747279223B733A323A224445223B733A363A227265675F6E6F223B733A303A22223B733A353A22656D61696C223B733A32363A2270726574747970616E6430373230406F75746C6F6F6B2E636F6D223B733A31323A2274656C6570686F6E655F6E6F223B733A31343A222831313129203131312D31313131223B733A383A2270617373776F7264223B733A303A22223B733A31303A22757365725F6C6576656C223B733A313A2230223B733A31313A22637573746F6D65725F6964223B733A353A223234373338223B7D7D696E766F6963655F69647C733A353A223731393635223B757365725F69647C693A3230303B656D61696C7C733A31353A2261646D696E4061646D696E2E636F6D223B6E616D657C733A353A2261646D696E223B70617373776F72647C733A34303A2234306264303031353633303835666333353136353332396561316666356335656362646262656566223B757365725F6C6576656C7C693A313B6C6F67676564696E7C623A313B);
INSERT INTO `ci_sessions` VALUES ('qqviv99uauu5990lua1gjormu9iq69ki', '::1', 1578980294, 0x5F5F63695F6C6173745F726567656E65726174657C693A313537383938303239343B7265675F6E6F7C733A353A2261646D696E223B73656C5F6F7074737C613A313A7B693A303B613A31323A7B733A393A227265706169725F6964223B733A313A2239223B733A31313A2263617465676F72795F6964223B733A313A2233223B733A31343A2263617465676F72795F7469746C65223B733A373A2253616D73756E67223B733A31303A2270726F647563745F6964223B733A323A223138223B733A31333A2270726F647563745F7469746C65223B733A383A226950686F6E652038223B733A31373A227265706169725F6F725F73657276696365223B733A313A2231223B733A383A227375625F74797065223B733A313A2231223B733A31323A227265706169725F7469746C65223B733A32323A226950686F6E65203820446973706C6179746175736368223B733A31343A227265706169725F73756D6D617279223B733A32353A226F726967696E616C204170706C652045727361747A7465696C223B733A31323A227265706169725F7072696365223B733A333A22323030223B733A31303A2270726963655F646F776E223B733A313A2235223B733A383A2273656C6563746564223B733A313A2231223B7D7D746F74616C5F70726963657C693A3139353B6465766963655F6D6F64656C7C733A383A226950686F6E652038223B74656C6570686F6E655F6E6F7C733A31343A222831313129203131312D31313131223B637572725F757365727C613A313A7B693A303B613A31353A7B733A373A22757365725F6964223B733A333A22323330223B733A343A226E616D65223B733A353A226B696D7273223B733A31303A2266697273745F6E616D65223B733A333A226B696D223B733A31323A22636F6D70616E795F6E616D65223B733A333A22706963223B733A373A227375726E616D65223B733A323A227273223B733A373A2261646472657373223B733A32323A2264616E646F6E67206369747920696E20206368696E61223B733A383A22706F7374636F6465223B733A343A2231323334223B733A353A22706C616365223B733A353A226368696E61223B733A373A22636F756E747279223B733A323A224445223B733A363A227265675F6E6F223B733A303A22223B733A353A22656D61696C223B733A32363A2270726574747970616E6430373230406F75746C6F6F6B2E636F6D223B733A31323A2274656C6570686F6E655F6E6F223B733A31343A222831313129203131312D31313131223B733A383A2270617373776F7264223B733A303A22223B733A31303A22757365725F6C6576656C223B733A313A2230223B733A31313A22637573746F6D65725F6964223B733A353A223234373338223B7D7D757365725F69647C693A3230303B656D61696C7C733A31353A2261646D696E4061646D696E2E636F6D223B6E616D657C733A353A2261646D696E223B70617373776F72647C733A34303A2234306264303031353633303835666333353136353332396561316666356335656362646262656566223B757365725F6C6576656C7C693A313B6C6F67676564696E7C623A313B7265706169725F6F7074696F6E737C613A323A7B693A303B613A31323A7B733A393A227265706169725F6964223B733A313A2239223B733A31313A2263617465676F72795F6964223B733A313A2233223B733A31343A2263617465676F72795F7469746C65223B733A373A2253616D73756E67223B733A31303A2270726F647563745F6964223B733A323A223138223B733A31333A2270726F647563745F7469746C65223B733A383A226950686F6E652038223B733A31373A227265706169725F6F725F73657276696365223B733A313A2231223B733A383A227375625F74797065223B733A313A2231223B733A31323A227265706169725F7469746C65223B733A32323A226950686F6E65203820446973706C6179746175736368223B733A31343A227265706169725F73756D6D617279223B733A32353A226F726967696E616C204170706C652045727361747A7465696C223B733A31323A227265706169725F7072696365223B733A333A22323030223B733A31303A2270726963655F646F776E223B733A313A2235223B733A383A2273656C6563746564223B733A313A2231223B7D693A313B613A31323A7B733A393A227265706169725F6964223B733A323A223130223B733A31313A2263617465676F72795F6964223B733A313A2233223B733A31343A2263617465676F72795F7469746C65223B733A373A2253616D73756E67223B733A31303A2270726F647563745F6964223B733A323A223138223B733A31333A2270726F647563745F7469746C65223B733A383A226950686F6E652038223B733A31373A227265706169725F6F725F73657276696365223B733A313A2231223B733A383A227375625F74797065223B733A313A2232223B733A31323A227265706169725F7469746C65223B733A31393A226950686F6E65203820416B6B75746175736368223B733A31343A227265706169725F73756D6D617279223B733A32353A226F726967696E616C204170706C652045727361747A7465696C223B733A31323A227265706169725F7072696365223B733A333A22333030223B733A31303A2270726963655F646F776E223B733A313A2235223B733A383A2273656C6563746564223B733A313A2230223B7D7D696E766F6963655F69647C733A353A223038313534223B);
INSERT INTO `ci_sessions` VALUES ('t96hp8ht4dsp7p6ia216pki72rpaktb8', '::1', 1578980745, 0x5F5F63695F6C6173745F726567656E65726174657C693A313537383938303734353B7265675F6E6F7C733A353A2261646D696E223B73656C5F6F7074737C613A313A7B693A303B613A31323A7B733A393A227265706169725F6964223B733A313A2239223B733A31313A2263617465676F72795F6964223B733A313A2233223B733A31343A2263617465676F72795F7469746C65223B733A373A2253616D73756E67223B733A31303A2270726F647563745F6964223B733A323A223138223B733A31333A2270726F647563745F7469746C65223B733A383A226950686F6E652038223B733A31373A227265706169725F6F725F73657276696365223B733A313A2231223B733A383A227375625F74797065223B733A313A2231223B733A31323A227265706169725F7469746C65223B733A32323A226950686F6E65203820446973706C6179746175736368223B733A31343A227265706169725F73756D6D617279223B733A32353A226F726967696E616C204170706C652045727361747A7465696C223B733A31323A227265706169725F7072696365223B733A333A22323030223B733A31303A2270726963655F646F776E223B733A313A2235223B733A383A2273656C6563746564223B733A313A2231223B7D7D746F74616C5F70726963657C693A3139353B6465766963655F6D6F64656C7C733A383A226950686F6E652038223B74656C6570686F6E655F6E6F7C733A31343A222831313129203131312D31313131223B637572725F757365727C613A313A7B693A303B613A31353A7B733A373A22757365725F6964223B733A333A22323330223B733A343A226E616D65223B733A353A226B696D7273223B733A31303A2266697273745F6E616D65223B733A333A226B696D223B733A31323A22636F6D70616E795F6E616D65223B733A333A22706963223B733A373A227375726E616D65223B733A323A227273223B733A373A2261646472657373223B733A32323A2264616E646F6E67206369747920696E20206368696E61223B733A383A22706F7374636F6465223B733A343A2231323334223B733A353A22706C616365223B733A353A226368696E61223B733A373A22636F756E747279223B733A323A224445223B733A363A227265675F6E6F223B733A303A22223B733A353A22656D61696C223B733A32363A2270726574747970616E6430373230406F75746C6F6F6B2E636F6D223B733A31323A2274656C6570686F6E655F6E6F223B733A31343A222831313129203131312D31313131223B733A383A2270617373776F7264223B733A303A22223B733A31303A22757365725F6C6576656C223B733A313A2230223B733A31313A22637573746F6D65725F6964223B733A353A223234373338223B7D7D757365725F69647C693A3230303B656D61696C7C733A31353A2261646D696E4061646D696E2E636F6D223B6E616D657C733A353A2261646D696E223B70617373776F72647C733A34303A2234306264303031353633303835666333353136353332396561316666356335656362646262656566223B757365725F6C6576656C7C693A313B6C6F67676564696E7C623A313B696E766F6963655F69647C733A353A223038313534223B);
INSERT INTO `ci_sessions` VALUES ('grgnjvoffmor2dh80fkrgj47ml0ft3fe', '::1', 1578984193, 0x5F5F63695F6C6173745F726567656E65726174657C693A313537383938343139333B7265675F6E6F7C733A353A2261646D696E223B73656C5F6F7074737C613A313A7B693A303B613A31323A7B733A393A227265706169725F6964223B733A313A2239223B733A31313A2263617465676F72795F6964223B733A313A2233223B733A31343A2263617465676F72795F7469746C65223B733A373A2253616D73756E67223B733A31303A2270726F647563745F6964223B733A323A223138223B733A31333A2270726F647563745F7469746C65223B733A383A226950686F6E652038223B733A31373A227265706169725F6F725F73657276696365223B733A313A2231223B733A383A227375625F74797065223B733A313A2231223B733A31323A227265706169725F7469746C65223B733A32323A226950686F6E65203820446973706C6179746175736368223B733A31343A227265706169725F73756D6D617279223B733A32353A226F726967696E616C204170706C652045727361747A7465696C223B733A31323A227265706169725F7072696365223B733A333A22323030223B733A31303A2270726963655F646F776E223B733A313A2235223B733A383A2273656C6563746564223B733A313A2231223B7D7D746F74616C5F70726963657C693A3139353B6465766963655F6D6F64656C7C733A383A226950686F6E652038223B74656C6570686F6E655F6E6F7C733A31343A222831313129203131312D31313131223B637572725F757365727C613A313A7B693A303B613A31353A7B733A373A22757365725F6964223B733A333A22323330223B733A343A226E616D65223B733A353A226B696D7273223B733A31303A2266697273745F6E616D65223B733A333A226B696D223B733A31323A22636F6D70616E795F6E616D65223B733A333A22706963223B733A373A227375726E616D65223B733A323A227273223B733A373A2261646472657373223B733A32323A2264616E646F6E67206369747920696E20206368696E61223B733A383A22706F7374636F6465223B733A343A2231323334223B733A353A22706C616365223B733A353A226368696E61223B733A373A22636F756E747279223B733A323A224445223B733A363A227265675F6E6F223B733A303A22223B733A353A22656D61696C223B733A32363A2270726574747970616E6430373230406F75746C6F6F6B2E636F6D223B733A31323A2274656C6570686F6E655F6E6F223B733A31343A222831313129203131312D31313131223B733A383A2270617373776F7264223B733A303A22223B733A31303A22757365725F6C6576656C223B733A313A2230223B733A31313A22637573746F6D65725F6964223B733A353A223234373338223B7D7D757365725F69647C693A3230303B656D61696C7C733A31353A2261646D696E4061646D696E2E636F6D223B6E616D657C733A353A2261646D696E223B70617373776F72647C733A34303A2234306264303031353633303835666333353136353332396561316666356335656362646262656566223B757365725F6C6576656C7C693A313B6C6F67676564696E7C623A313B696E766F6963655F69647C733A353A223038313534223B);
INSERT INTO `ci_sessions` VALUES ('blarc5hk8jrgr6vais576hlnuog5n91p', '::1', 1578984809, 0x5F5F63695F6C6173745F726567656E65726174657C693A313537383938343830393B7265675F6E6F7C733A353A2261646D696E223B73656C5F6F7074737C613A313A7B693A303B613A31323A7B733A393A227265706169725F6964223B733A313A2239223B733A31313A2263617465676F72795F6964223B733A313A2233223B733A31343A2263617465676F72795F7469746C65223B733A373A2253616D73756E67223B733A31303A2270726F647563745F6964223B733A323A223138223B733A31333A2270726F647563745F7469746C65223B733A383A226950686F6E652038223B733A31373A227265706169725F6F725F73657276696365223B733A313A2231223B733A383A227375625F74797065223B733A313A2231223B733A31323A227265706169725F7469746C65223B733A32323A226950686F6E65203820446973706C6179746175736368223B733A31343A227265706169725F73756D6D617279223B733A32353A226F726967696E616C204170706C652045727361747A7465696C223B733A31323A227265706169725F7072696365223B733A333A22323030223B733A31303A2270726963655F646F776E223B733A313A2235223B733A383A2273656C6563746564223B733A313A2231223B7D7D746F74616C5F70726963657C693A3139353B6465766963655F6D6F64656C7C733A383A226950686F6E652038223B74656C6570686F6E655F6E6F7C733A31343A222831313129203131312D31313131223B637572725F757365727C613A313A7B693A303B613A31353A7B733A373A22757365725F6964223B733A333A22323330223B733A343A226E616D65223B733A353A226B696D7273223B733A31303A2266697273745F6E616D65223B733A333A226B696D223B733A31323A22636F6D70616E795F6E616D65223B733A333A22706963223B733A373A227375726E616D65223B733A323A227273223B733A373A2261646472657373223B733A32323A2264616E646F6E67206369747920696E20206368696E61223B733A383A22706F7374636F6465223B733A343A2231323334223B733A353A22706C616365223B733A353A226368696E61223B733A373A22636F756E747279223B733A323A224445223B733A363A227265675F6E6F223B733A303A22223B733A353A22656D61696C223B733A32363A2270726574747970616E6430373230406F75746C6F6F6B2E636F6D223B733A31323A2274656C6570686F6E655F6E6F223B733A31343A222831313129203131312D31313131223B733A383A2270617373776F7264223B733A303A22223B733A31303A22757365725F6C6576656C223B733A313A2230223B733A31313A22637573746F6D65725F6964223B733A353A223234373338223B7D7D757365725F69647C693A3230303B656D61696C7C733A31353A2261646D696E4061646D696E2E636F6D223B6E616D657C733A353A2261646D696E223B70617373776F72647C733A34303A2234306264303031353633303835666333353136353332396561316666356335656362646262656566223B757365725F6C6576656C7C693A313B6C6F67676564696E7C623A313B696E766F6963655F69647C733A353A223038313534223B);
INSERT INTO `ci_sessions` VALUES ('5l3tbakl2alhf3ltr0ekad02cbftk6ct', '::1', 1578985430, 0x5F5F63695F6C6173745F726567656E65726174657C693A313537383938353433303B7265675F6E6F7C733A353A2261646D696E223B73656C5F6F7074737C613A313A7B693A303B613A31323A7B733A393A227265706169725F6964223B733A313A2239223B733A31313A2263617465676F72795F6964223B733A313A2233223B733A31343A2263617465676F72795F7469746C65223B733A373A2253616D73756E67223B733A31303A2270726F647563745F6964223B733A323A223138223B733A31333A2270726F647563745F7469746C65223B733A383A226950686F6E652038223B733A31373A227265706169725F6F725F73657276696365223B733A313A2231223B733A383A227375625F74797065223B733A313A2231223B733A31323A227265706169725F7469746C65223B733A32323A226950686F6E65203820446973706C6179746175736368223B733A31343A227265706169725F73756D6D617279223B733A32353A226F726967696E616C204170706C652045727361747A7465696C223B733A31323A227265706169725F7072696365223B733A333A22323030223B733A31303A2270726963655F646F776E223B733A313A2235223B733A383A2273656C6563746564223B733A313A2231223B7D7D746F74616C5F70726963657C693A3139353B6465766963655F6D6F64656C7C733A383A226950686F6E652038223B74656C6570686F6E655F6E6F7C733A31343A222831313129203131312D31313131223B637572725F757365727C613A313A7B693A303B613A31353A7B733A373A22757365725F6964223B733A333A22323330223B733A343A226E616D65223B733A353A226B696D7273223B733A31303A2266697273745F6E616D65223B733A333A226B696D223B733A31323A22636F6D70616E795F6E616D65223B733A333A22706963223B733A373A227375726E616D65223B733A323A227273223B733A373A2261646472657373223B733A32323A2264616E646F6E67206369747920696E20206368696E61223B733A383A22706F7374636F6465223B733A343A2231323334223B733A353A22706C616365223B733A353A226368696E61223B733A373A22636F756E747279223B733A323A224445223B733A363A227265675F6E6F223B733A303A22223B733A353A22656D61696C223B733A32363A2270726574747970616E6430373230406F75746C6F6F6B2E636F6D223B733A31323A2274656C6570686F6E655F6E6F223B733A31343A222831313129203131312D31313131223B733A383A2270617373776F7264223B733A303A22223B733A31303A22757365725F6C6576656C223B733A313A2230223B733A31313A22637573746F6D65725F6964223B733A353A223234373338223B7D7D757365725F69647C693A3230303B656D61696C7C733A31353A2261646D696E4061646D696E2E636F6D223B6E616D657C733A353A2261646D696E223B70617373776F72647C733A34303A2234306264303031353633303835666333353136353332396561316666356335656362646262656566223B757365725F6C6576656C7C693A313B6C6F67676564696E7C623A313B696E766F6963655F69647C733A353A223038313534223B);
INSERT INTO `ci_sessions` VALUES ('f5rmmuc9mhci5sa7acj3t4hrdk8hd0fh', '::1', 1578985795, 0x5F5F63695F6C6173745F726567656E65726174657C693A313537383938353739353B7265675F6E6F7C733A353A2261646D696E223B73656C5F6F7074737C613A313A7B693A303B613A31323A7B733A393A227265706169725F6964223B733A313A2233223B733A31313A2263617465676F72795F6964223B733A313A2231223B733A31343A2263617465676F72795F7469746C65223B733A353A224170706C65223B733A31303A2270726F647563745F6964223B733A323A223136223B733A31333A2270726F647563745F7469746C65223B733A383A226950686F6E653653223B733A31373A227265706169725F6F725F73657276696365223B733A313A2231223B733A383A227375625F74797065223B733A313A2231223B733A31323A227265706169725F7469746C65223B733A33323A2244617461206261636B757020696E636C2E20363447422055534220737469636B223B733A31343A227265706169725F73756D6D617279223B733A303A22223B733A31323A227265706169725F7072696365223B733A323A223730223B733A31303A2270726963655F646F776E223B733A313A2230223B733A383A2273656C6563746564223B733A313A2231223B7D7D746F74616C5F70726963657C693A36353B6465766963655F6D6F64656C7C733A393A226950686F6E65203653223B74656C6570686F6E655F6E6F7C733A31343A222835343429203535352D35353535223B637572725F757365727C613A313A7B693A303B613A31353A7B733A373A22757365725F6964223B733A333A22323333223B733A343A226E616D65223B733A373A2232313331323331223B733A31303A2266697273745F6E616D65223B733A363A22313233313233223B733A31323A22636F6D70616E795F6E616D65223B733A363A22313233313233223B733A373A227375726E616D65223B733A363A22313233313233223B733A373A2261646472657373223B733A363A22313233313233223B733A383A22706F7374636F6465223B733A363A22313233313233223B733A353A22706C616365223B733A383A223132333132333132223B733A373A22636F756E747279223B733A323A224445223B733A363A227265675F6E6F223B733A303A22223B733A353A22656D61696C223B733A31373A22313233313233403132333231332E636F6D223B733A31323A2274656C6570686F6E655F6E6F223B733A31343A222835343429203535352D35353535223B733A383A2270617373776F7264223B733A303A22223B733A31303A22757365725F6C6576656C223B733A313A2236223B733A31313A22637573746F6D65725F6964223B733A353A223832303337223B7D7D757365725F69647C693A3230303B656D61696C7C733A31353A2261646D696E4061646D696E2E636F6D223B6E616D657C733A353A2261646D696E223B70617373776F72647C733A34303A2234306264303031353633303835666333353136353332396561316666356335656362646262656566223B757365725F6C6576656C7C693A313B6C6F67676564696E7C623A313B7265706169725F6F7074696F6E737C613A333A7B693A303B613A31323A7B733A393A227265706169725F6964223B733A313A2231223B733A31313A2263617465676F72795F6964223B733A313A2231223B733A31343A2263617465676F72795F7469746C65223B733A353A224170706C65223B733A31303A2270726F647563745F6964223B733A323A223136223B733A31333A2270726F647563745F7469746C65223B733A383A226950686F6E653653223B733A31373A227265706169725F6F725F73657276696365223B733A313A2231223B733A383A227375625F74797065223B733A313A2231223B733A31323A227265706169725F7469746C65223B733A32333A226950686F6E6520365320446973706C6179746175736368223B733A31343A227265706169725F73756D6D617279223B733A32353A226F726967696E616C204170706C652045727361747A7465696C223B733A31323A227265706169725F7072696365223B733A343A2233303030223B733A31303A2270726963655F646F776E223B733A323A223530223B733A383A2273656C6563746564223B733A313A2230223B7D693A313B613A31323A7B733A393A227265706169725F6964223B733A313A2232223B733A31313A2263617465676F72795F6964223B733A313A2231223B733A31343A2263617465676F72795F7469746C65223B733A353A224170706C65223B733A31303A2270726F647563745F6964223B733A323A223136223B733A31333A2270726F647563745F7469746C65223B733A383A226950686F6E653653223B733A31373A227265706169725F6F725F73657276696365223B733A313A2231223B733A383A227375625F74797065223B733A313A2232223B733A31323A227265706169725F7469746C65223B733A32303A226950686F6E6520365320416B6B75746175736368223B733A31343A227265706169725F73756D6D617279223B733A32353A226F726967696E616C204170706C652045727361747A7465696C223B733A31323A227265706169725F7072696365223B733A333A22323030223B733A31303A2270726963655F646F776E223B733A313A2235223B733A383A2273656C6563746564223B733A313A2230223B7D693A323B613A31323A7B733A393A227265706169725F6964223B733A313A2233223B733A31313A2263617465676F72795F6964223B733A313A2231223B733A31343A2263617465676F72795F7469746C65223B733A353A224170706C65223B733A31303A2270726F647563745F6964223B733A323A223136223B733A31333A2270726F647563745F7469746C65223B733A383A226950686F6E653653223B733A31373A227265706169725F6F725F73657276696365223B733A313A2231223B733A383A227375625F74797065223B733A313A2231223B733A31323A227265706169725F7469746C65223B733A33323A2244617461206261636B757020696E636C2E20363447422055534220737469636B223B733A31343A227265706169725F73756D6D617279223B733A303A22223B733A31323A227265706169725F7072696365223B733A323A223730223B733A31303A2270726963655F646F776E223B733A313A2230223B733A383A2273656C6563746564223B733A313A2231223B7D7D696E766F6963655F69647C733A353A223834363130223B);
INSERT INTO `ci_sessions` VALUES ('3ek7rvfs5qrl4i8ao4hua2cmtcfmlm23', '::1', 1578985838, 0x5F5F63695F6C6173745F726567656E65726174657C693A313537383938353739353B7265675F6E6F7C733A353A2261646D696E223B73656C5F6F7074737C613A313A7B693A303B613A31323A7B733A393A227265706169725F6964223B733A313A2233223B733A31313A2263617465676F72795F6964223B733A313A2231223B733A31343A2263617465676F72795F7469746C65223B733A353A224170706C65223B733A31303A2270726F647563745F6964223B733A323A223136223B733A31333A2270726F647563745F7469746C65223B733A383A226950686F6E653653223B733A31373A227265706169725F6F725F73657276696365223B733A313A2231223B733A383A227375625F74797065223B733A313A2231223B733A31323A227265706169725F7469746C65223B733A33323A2244617461206261636B757020696E636C2E20363447422055534220737469636B223B733A31343A227265706169725F73756D6D617279223B733A303A22223B733A31323A227265706169725F7072696365223B733A323A223730223B733A31303A2270726963655F646F776E223B733A313A2230223B733A383A2273656C6563746564223B733A313A2231223B7D7D746F74616C5F70726963657C693A36353B6465766963655F6D6F64656C7C733A393A226950686F6E65203653223B74656C6570686F6E655F6E6F7C733A31343A222835343429203535352D35353535223B637572725F757365727C613A313A7B693A303B613A31353A7B733A373A22757365725F6964223B733A333A22323333223B733A343A226E616D65223B733A373A2232313331323331223B733A31303A2266697273745F6E616D65223B733A363A22313233313233223B733A31323A22636F6D70616E795F6E616D65223B733A363A22313233313233223B733A373A227375726E616D65223B733A363A22313233313233223B733A373A2261646472657373223B733A363A22313233313233223B733A383A22706F7374636F6465223B733A363A22313233313233223B733A353A22706C616365223B733A383A223132333132333132223B733A373A22636F756E747279223B733A323A224445223B733A363A227265675F6E6F223B733A303A22223B733A353A22656D61696C223B733A31373A22313233313233403132333231332E636F6D223B733A31323A2274656C6570686F6E655F6E6F223B733A31343A222835343429203535352D35353535223B733A383A2270617373776F7264223B733A303A22223B733A31303A22757365725F6C6576656C223B733A313A2236223B733A31313A22637573746F6D65725F6964223B733A353A223832303337223B7D7D757365725F69647C693A3230303B656D61696C7C733A31353A2261646D696E4061646D696E2E636F6D223B6E616D657C733A353A2261646D696E223B70617373776F72647C733A34303A2234306264303031353633303835666333353136353332396561316666356335656362646262656566223B757365725F6C6576656C7C693A313B6C6F67676564696E7C623A313B7265706169725F6F7074696F6E737C613A333A7B693A303B613A31323A7B733A393A227265706169725F6964223B733A313A2231223B733A31313A2263617465676F72795F6964223B733A313A2231223B733A31343A2263617465676F72795F7469746C65223B733A353A224170706C65223B733A31303A2270726F647563745F6964223B733A323A223136223B733A31333A2270726F647563745F7469746C65223B733A383A226950686F6E653653223B733A31373A227265706169725F6F725F73657276696365223B733A313A2231223B733A383A227375625F74797065223B733A313A2231223B733A31323A227265706169725F7469746C65223B733A32333A226950686F6E6520365320446973706C6179746175736368223B733A31343A227265706169725F73756D6D617279223B733A32353A226F726967696E616C204170706C652045727361747A7465696C223B733A31323A227265706169725F7072696365223B733A343A2233303030223B733A31303A2270726963655F646F776E223B733A323A223530223B733A383A2273656C6563746564223B733A313A2230223B7D693A313B613A31323A7B733A393A227265706169725F6964223B733A313A2232223B733A31313A2263617465676F72795F6964223B733A313A2231223B733A31343A2263617465676F72795F7469746C65223B733A353A224170706C65223B733A31303A2270726F647563745F6964223B733A323A223136223B733A31333A2270726F647563745F7469746C65223B733A383A226950686F6E653653223B733A31373A227265706169725F6F725F73657276696365223B733A313A2231223B733A383A227375625F74797065223B733A313A2232223B733A31323A227265706169725F7469746C65223B733A32303A226950686F6E6520365320416B6B75746175736368223B733A31343A227265706169725F73756D6D617279223B733A32353A226F726967696E616C204170706C652045727361747A7465696C223B733A31323A227265706169725F7072696365223B733A333A22323030223B733A31303A2270726963655F646F776E223B733A313A2235223B733A383A2273656C6563746564223B733A313A2230223B7D693A323B613A31323A7B733A393A227265706169725F6964223B733A313A2233223B733A31313A2263617465676F72795F6964223B733A313A2231223B733A31343A2263617465676F72795F7469746C65223B733A353A224170706C65223B733A31303A2270726F647563745F6964223B733A323A223136223B733A31333A2270726F647563745F7469746C65223B733A383A226950686F6E653653223B733A31373A227265706169725F6F725F73657276696365223B733A313A2231223B733A383A227375625F74797065223B733A313A2231223B733A31323A227265706169725F7469746C65223B733A33323A2244617461206261636B757020696E636C2E20363447422055534220737469636B223B733A31343A227265706169725F73756D6D617279223B733A303A22223B733A31323A227265706169725F7072696365223B733A323A223730223B733A31303A2270726963655F646F776E223B733A313A2230223B733A383A2273656C6563746564223B733A313A2231223B7D7D696E766F6963655F69647C733A353A223834363130223B);
INSERT INTO `ci_sessions` VALUES ('j3fadjqj4nt0f1cetn23jnulmgj5ulhg', '::1', 1578986289, 0x5F5F63695F6C6173745F726567656E65726174657C693A313537383938363238393B757365725F69647C693A3230303B656D61696C7C733A31353A2261646D696E4061646D696E2E636F6D223B6E616D657C733A353A2261646D696E223B7265675F6E6F7C733A353A2261646D696E223B70617373776F72647C733A34303A2234306264303031353633303835666333353136353332396561316666356335656362646262656566223B757365725F6C6576656C7C693A313B6C6F67676564696E7C623A313B);
INSERT INTO `ci_sessions` VALUES ('m5d1qako6iaa95n86a55abtd67d621ui', '::1', 1578986552, 0x5F5F63695F6C6173745F726567656E65726174657C693A313537383938363238393B757365725F69647C693A3230303B656D61696C7C733A31353A2261646D696E4061646D696E2E636F6D223B6E616D657C733A353A2261646D696E223B7265675F6E6F7C733A353A2261646D696E223B70617373776F72647C733A34303A2234306264303031353633303835666333353136353332396561316666356335656362646262656566223B757365725F6C6576656C7C693A313B6C6F67676564696E7C623A313B);
INSERT INTO `ci_sessions` VALUES ('abj2vlosh9qnqdcbo7m7cvbuqc74g1p4', '::1', 1578986982, 0x5F5F63695F6C6173745F726567656E65726174657C693A313537383938363938323B757365725F69647C693A3230303B656D61696C7C733A31353A2261646D696E4061646D696E2E636F6D223B6E616D657C733A353A2261646D696E223B7265675F6E6F7C733A353A2261646D696E223B70617373776F72647C733A34303A2234306264303031353633303835666333353136353332396561316666356335656362646262656566223B757365725F6C6576656C7C693A313B6C6F67676564696E7C623A313B);
INSERT INTO `ci_sessions` VALUES ('f1ktfnlclbod2cjachrmsup137lkrte0', '::1', 1578986982, 0x5F5F63695F6C6173745F726567656E65726174657C693A313537383938363938323B757365725F69647C693A3230303B656D61696C7C733A31353A2261646D696E4061646D696E2E636F6D223B6E616D657C733A353A2261646D696E223B7265675F6E6F7C733A353A2261646D696E223B70617373776F72647C733A34303A2234306264303031353633303835666333353136353332396561316666356335656362646262656566223B757365725F6C6576656C7C693A313B6C6F67676564696E7C623A313B);
INSERT INTO `ci_sessions` VALUES ('iaj0f2i18r68sae3eukshi2784s4u7he', '::1', 1578987372, 0x5F5F63695F6C6173745F726567656E65726174657C693A313537383938373337323B757365725F69647C693A3230303B656D61696C7C733A31353A2261646D696E4061646D696E2E636F6D223B6E616D657C733A353A2261646D696E223B7265675F6E6F7C733A353A2261646D696E223B70617373776F72647C733A34303A2234306264303031353633303835666333353136353332396561316666356335656362646262656566223B757365725F6C6576656C7C693A313B6C6F67676564696E7C623A313B);
INSERT INTO `ci_sessions` VALUES ('41hdsuhqb09ln6lrh9o4e9njfim0pgbe', '::1', 1578987549, 0x5F5F63695F6C6173745F726567656E65726174657C693A313537383938373337323B757365725F69647C693A3230303B656D61696C7C733A31353A2261646D696E4061646D696E2E636F6D223B6E616D657C733A353A2261646D696E223B7265675F6E6F7C733A353A2261646D696E223B70617373776F72647C733A34303A2234306264303031353633303835666333353136353332396561316666356335656362646262656566223B757365725F6C6576656C7C693A313B6C6F67676564696E7C623A313B);
INSERT INTO `ci_sessions` VALUES ('80ikjsatlsnnq7cgjv8hvgt4deg6p47k', '::1', 1578987583, 0x5F5F63695F6C6173745F726567656E65726174657C693A313537383938373535373B757365725F69647C693A3230303B656D61696C7C733A31353A2261646D696E4061646D696E2E636F6D223B6E616D657C733A353A2261646D696E223B7265675F6E6F7C733A353A2261646D696E223B70617373776F72647C733A34303A2234306264303031353633303835666333353136353332396561316666356335656362646262656566223B757365725F6C6576656C7C693A313B6C6F67676564696E7C623A313B);
INSERT INTO `ci_sessions` VALUES ('acppkau7q220poufllhdd3v7bnia8aht', '::1', 1578987904, 0x5F5F63695F6C6173745F726567656E65726174657C693A313537383938373539373B757365725F69647C693A3230303B656D61696C7C733A31353A2261646D696E4061646D696E2E636F6D223B6E616D657C733A353A2261646D696E223B7265675F6E6F7C733A353A2261646D696E223B70617373776F72647C733A34303A2234306264303031353633303835666333353136353332396561316666356335656362646262656566223B757365725F6C6576656C7C693A313B6C6F67676564696E7C623A313B);
INSERT INTO `ci_sessions` VALUES ('juho34bl701kv0rhtcubv1ad0jb201ah', '::1', 1578990496, 0x5F5F63695F6C6173745F726567656E65726174657C693A313537383939303334343B757365725F69647C693A3230303B656D61696C7C733A31353A2261646D696E4061646D696E2E636F6D223B6E616D657C733A353A2261646D696E223B7265675F6E6F7C733A353A2261646D696E223B70617373776F72647C733A34303A2234306264303031353633303835666333353136353332396561316666356335656362646262656566223B757365725F6C6576656C7C693A313B6C6F67676564696E7C623A313B);
INSERT INTO `ci_sessions` VALUES ('qh0o28179gdcuc31564bn9l9ls005h9o', '::1', 1578990698, 0x5F5F63695F6C6173745F726567656E65726174657C693A313537383939303535333B757365725F69647C693A3230303B656D61696C7C733A31353A2261646D696E4061646D696E2E636F6D223B6E616D657C733A353A2261646D696E223B7265675F6E6F7C733A353A2261646D696E223B70617373776F72647C733A34303A2234306264303031353633303835666333353136353332396561316666356335656362646262656566223B757365725F6C6576656C7C693A313B6C6F67676564696E7C623A313B);
INSERT INTO `ci_sessions` VALUES ('q9joegmkj59edm00cmisfc8es1qk2lor', '::1', 1578990713, 0x5F5F63695F6C6173745F726567656E65726174657C693A313537383939303730353B757365725F69647C693A3230303B656D61696C7C733A31353A2261646D696E4061646D696E2E636F6D223B6E616D657C733A353A2261646D696E223B7265675F6E6F7C733A353A2261646D696E223B70617373776F72647C733A34303A2234306264303031353633303835666333353136353332396561316666356335656362646262656566223B757365725F6C6576656C7C693A313B6C6F67676564696E7C623A313B);
INSERT INTO `ci_sessions` VALUES ('8137r13j1fr5mdb5idbb41c1lm3jd9so', '::1', 1578990916, 0x5F5F63695F6C6173745F726567656E65726174657C693A313537383939303831343B757365725F69647C693A3230303B656D61696C7C733A31353A2261646D696E4061646D696E2E636F6D223B6E616D657C733A353A2261646D696E223B7265675F6E6F7C733A353A2261646D696E223B70617373776F72647C733A34303A2234306264303031353633303835666333353136353332396561316666356335656362646262656566223B757365725F6C6576656C7C693A313B6C6F67676564696E7C623A313B);
INSERT INTO `ci_sessions` VALUES ('h6h56dtm25rml02pqhb551l6ut6sij0k', '::1', 1578991112, 0x5F5F63695F6C6173745F726567656E65726174657C693A313537383939313039323B757365725F69647C693A3230303B656D61696C7C733A31353A2261646D696E4061646D696E2E636F6D223B6E616D657C733A353A2261646D696E223B7265675F6E6F7C733A353A2261646D696E223B70617373776F72647C733A34303A2234306264303031353633303835666333353136353332396561316666356335656362646262656566223B757365725F6C6576656C7C693A313B6C6F67676564696E7C623A313B);
INSERT INTO `ci_sessions` VALUES ('19fna2ld3kt1nntkgt65s9uirbkngh0l', '::1', 1578991294, 0x5F5F63695F6C6173745F726567656E65726174657C693A313537383939313137363B757365725F69647C693A3230303B656D61696C7C733A31353A2261646D696E4061646D696E2E636F6D223B6E616D657C733A353A2261646D696E223B7265675F6E6F7C733A353A2261646D696E223B70617373776F72647C733A34303A2234306264303031353633303835666333353136353332396561316666356335656362646262656566223B757365725F6C6576656C7C693A313B6C6F67676564696E7C623A313B);
INSERT INTO `ci_sessions` VALUES ('qbh9drr1lbf9lo2jlhc4sgs0sn07emgm', '::1', 1578992722, 0x5F5F63695F6C6173745F726567656E65726174657C693A313537383939323732323B757365725F69647C693A3230303B656D61696C7C733A31353A2261646D696E4061646D696E2E636F6D223B6E616D657C733A353A2261646D696E223B7265675F6E6F7C733A353A2261646D696E223B70617373776F72647C733A34303A2234306264303031353633303835666333353136353332396561316666356335656362646262656566223B757365725F6C6576656C7C693A313B6C6F67676564696E7C623A313B);
INSERT INTO `ci_sessions` VALUES ('7212tnune8no85ad2s7u4u8hhnjnifjb', '::1', 1578993104, 0x5F5F63695F6C6173745F726567656E65726174657C693A313537383939333130343B757365725F69647C693A3230303B656D61696C7C733A31353A2261646D696E4061646D696E2E636F6D223B6E616D657C733A353A2261646D696E223B7265675F6E6F7C733A353A2261646D696E223B70617373776F72647C733A34303A2234306264303031353633303835666333353136353332396561316666356335656362646262656566223B757365725F6C6576656C7C693A313B6C6F67676564696E7C623A313B);
INSERT INTO `ci_sessions` VALUES ('vft6bhf4thh0ll7qin0ssdpkj7lkedi8', '::1', 1578993425, 0x5F5F63695F6C6173745F726567656E65726174657C693A313537383939333432353B757365725F69647C693A3230303B656D61696C7C733A31353A2261646D696E4061646D696E2E636F6D223B6E616D657C733A353A2261646D696E223B7265675F6E6F7C733A353A2261646D696E223B70617373776F72647C733A34303A2234306264303031353633303835666333353136353332396561316666356335656362646262656566223B757365725F6C6576656C7C693A313B6C6F67676564696E7C623A313B);
INSERT INTO `ci_sessions` VALUES ('4pk9sujviu536sa03g7b6sgi8kr7u1cl', '::1', 1578993954, 0x5F5F63695F6C6173745F726567656E65726174657C693A313537383939333935343B757365725F69647C693A3230303B656D61696C7C733A31353A2261646D696E4061646D696E2E636F6D223B6E616D657C733A353A2261646D696E223B7265675F6E6F7C733A353A2261646D696E223B70617373776F72647C733A34303A2234306264303031353633303835666333353136353332396561316666356335656362646262656566223B757365725F6C6576656C7C693A313B6C6F67676564696E7C623A313B);
INSERT INTO `ci_sessions` VALUES ('4ft1o8atvm4k364lhbm4i94qtlfnvjt6', '::1', 1578994018, 0x5F5F63695F6C6173745F726567656E65726174657C693A313537383939333935343B757365725F69647C693A3230303B656D61696C7C733A31353A2261646D696E4061646D696E2E636F6D223B6E616D657C733A353A2261646D696E223B7265675F6E6F7C733A353A2261646D696E223B70617373776F72647C733A34303A2234306264303031353633303835666333353136353332396561316666356335656362646262656566223B757365725F6C6576656C7C693A313B6C6F67676564696E7C623A313B);
INSERT INTO `ci_sessions` VALUES ('3bjop1ckbsjh1oj5g6e54f45h36rla9l', '::1', 1578994047, 0x5F5F63695F6C6173745F726567656E65726174657C693A313537383939343032373B757365725F69647C693A3230303B656D61696C7C733A31353A2261646D696E4061646D696E2E636F6D223B6E616D657C733A353A2261646D696E223B7265675F6E6F7C733A353A2261646D696E223B70617373776F72647C733A34303A2234306264303031353633303835666333353136353332396561316666356335656362646262656566223B757365725F6C6576656C7C693A313B6C6F67676564696E7C623A313B);
INSERT INTO `ci_sessions` VALUES ('efe492k21hl45e4hcp4tb080383v0vmc', '::1', 1578995741, 0x5F5F63695F6C6173745F726567656E65726174657C693A313537383939353537353B757365725F69647C693A3230303B656D61696C7C733A31353A2261646D696E4061646D696E2E636F6D223B6E616D657C733A353A2261646D696E223B7265675F6E6F7C733A353A2261646D696E223B70617373776F72647C733A34303A2234306264303031353633303835666333353136353332396561316666356335656362646262656566223B757365725F6C6576656C7C693A313B6C6F67676564696E7C623A313B);
INSERT INTO `ci_sessions` VALUES ('9k5mbu6vb1pfukshf9pablb0sgj95vgb', '::1', 1578996265, 0x5F5F63695F6C6173745F726567656E65726174657C693A313537383939363232363B757365725F69647C693A3230303B656D61696C7C733A31353A2261646D696E4061646D696E2E636F6D223B6E616D657C733A353A2261646D696E223B7265675F6E6F7C733A353A2261646D696E223B70617373776F72647C733A34303A2234306264303031353633303835666333353136353332396561316666356335656362646262656566223B757365725F6C6576656C7C693A313B6C6F67676564696E7C623A313B);
INSERT INTO `ci_sessions` VALUES ('8uvncvtvcqg3s8f24st890r53h57e4p8', '::1', 1578996750, 0x5F5F63695F6C6173745F726567656E65726174657C693A313537383939363735303B757365725F69647C693A3230303B656D61696C7C733A31353A2261646D696E4061646D696E2E636F6D223B6E616D657C733A353A2261646D696E223B7265675F6E6F7C733A353A2261646D696E223B70617373776F72647C733A34303A2234306264303031353633303835666333353136353332396561316666356335656362646262656566223B757365725F6C6576656C7C693A313B6C6F67676564696E7C623A313B);
INSERT INTO `ci_sessions` VALUES ('mogphtb1ekmvatt1hlptn0kikktn96tj', '::1', 1578997098, 0x5F5F63695F6C6173745F726567656E65726174657C693A313537383939373039383B757365725F69647C693A3230303B656D61696C7C733A31353A2261646D696E4061646D696E2E636F6D223B6E616D657C733A353A2261646D696E223B7265675F6E6F7C733A353A2261646D696E223B70617373776F72647C733A34303A2234306264303031353633303835666333353136353332396561316666356335656362646262656566223B757365725F6C6576656C7C693A313B6C6F67676564696E7C623A313B);
INSERT INTO `ci_sessions` VALUES ('3ucsf6s2cv73lp6huvd9itahin86rm6a', '::1', 1578997099, 0x5F5F63695F6C6173745F726567656E65726174657C693A313537383939373039383B757365725F69647C693A3230303B656D61696C7C733A31353A2261646D696E4061646D696E2E636F6D223B6E616D657C733A353A2261646D696E223B7265675F6E6F7C733A353A2261646D696E223B70617373776F72647C733A34303A2234306264303031353633303835666333353136353332396561316666356335656362646262656566223B757365725F6C6576656C7C693A313B6C6F67676564696E7C623A313B);
INSERT INTO `ci_sessions` VALUES ('ul9hal23nsk9ipivq60uht9kv0i7cnl9', '::1', 1578997477, 0x5F5F63695F6C6173745F726567656E65726174657C693A313537383939373437373B757365725F69647C693A3230303B656D61696C7C733A31353A2261646D696E4061646D696E2E636F6D223B6E616D657C733A353A2261646D696E223B7265675F6E6F7C733A353A2261646D696E223B70617373776F72647C733A34303A2234306264303031353633303835666333353136353332396561316666356335656362646262656566223B757365725F6C6576656C7C693A313B6C6F67676564696E7C623A313B);
INSERT INTO `ci_sessions` VALUES ('6opfmvr79284rvm3bq8nuj6l3obmu41a', '::1', 1578997663, 0x5F5F63695F6C6173745F726567656E65726174657C693A313537383939373437373B7265675F6E6F7C733A353A2261646D696E223B73656C5F6F7074737C613A323A7B693A303B613A31323A7B733A393A227265706169725F6964223B733A313A2232223B733A31313A2263617465676F72795F6964223B733A313A2231223B733A31343A2263617465676F72795F7469746C65223B733A353A224170706C65223B733A31303A2270726F647563745F6964223B733A323A223136223B733A31333A2270726F647563745F7469746C65223B733A383A226950686F6E653653223B733A31373A227265706169725F6F725F73657276696365223B733A313A2231223B733A383A227375625F74797065223B733A313A2232223B733A31323A227265706169725F7469746C65223B733A32303A226950686F6E6520365320416B6B75746175736368223B733A31343A227265706169725F73756D6D617279223B733A32353A226F726967696E616C204170706C652045727361747A7465696C223B733A31323A227265706169725F7072696365223B733A333A22323030223B733A31303A2270726963655F646F776E223B733A313A2235223B733A383A2273656C6563746564223B733A313A2231223B7D693A313B613A31323A7B733A393A227265706169725F6964223B733A313A2233223B733A31313A2263617465676F72795F6964223B733A313A2231223B733A31343A2263617465676F72795F7469746C65223B733A353A224170706C65223B733A31303A2270726F647563745F6964223B733A323A223136223B733A31333A2270726F647563745F7469746C65223B733A383A226950686F6E653653223B733A31373A227265706169725F6F725F73657276696365223B733A313A2231223B733A383A227375625F74797065223B733A313A2231223B733A31323A227265706169725F7469746C65223B733A33323A2244617461206261636B757020696E636C2E20363447422055534220737469636B223B733A31343A227265706169725F73756D6D617279223B733A303A22223B733A31323A227265706169725F7072696365223B733A323A223730223B733A31303A2270726963655F646F776E223B733A313A2230223B733A383A2273656C6563746564223B733A313A2231223B7D7D746F74616C5F70726963657C693A3236353B6465766963655F6D6F64656C7C733A393A226950686F6E65203653223B74656C6570686F6E655F6E6F7C733A31343A222831313129203131312D31313131223B637572725F757365727C613A313A7B693A303B613A31353A7B733A373A22757365725F6964223B733A333A22323330223B733A343A226E616D65223B733A353A226B696D7273223B733A31303A2266697273745F6E616D65223B733A333A226B696D223B733A31323A22636F6D70616E795F6E616D65223B4E3B733A373A227375726E616D65223B733A323A227273223B733A373A2261646472657373223B733A32323A2264616E646F6E67206369747920696E20206368696E61223B733A383A22706F7374636F6465223B733A343A2231323334223B733A353A22706C616365223B733A353A226368696E61223B733A373A22636F756E747279223B733A323A224445223B733A363A227265675F6E6F223B733A303A22223B733A353A22656D61696C223B733A32363A2270726574747970616E6430373230406F75746C6F6F6B2E636F6D223B733A31323A2274656C6570686F6E655F6E6F223B733A31343A222831313129203131312D31313131223B733A383A2270617373776F7264223B733A303A22223B733A31303A22757365725F6C6576656C223B733A313A2236223B733A31313A22637573746F6D65725F6964223B733A353A223234373338223B7D7D7265706169725F6F7074696F6E737C613A333A7B693A303B613A31323A7B733A393A227265706169725F6964223B733A313A2231223B733A31313A2263617465676F72795F6964223B733A313A2231223B733A31343A2263617465676F72795F7469746C65223B733A353A224170706C65223B733A31303A2270726F647563745F6964223B733A323A223136223B733A31333A2270726F647563745F7469746C65223B733A383A226950686F6E653653223B733A31373A227265706169725F6F725F73657276696365223B733A313A2231223B733A383A227375625F74797065223B733A313A2231223B733A31323A227265706169725F7469746C65223B733A32333A226950686F6E6520365320446973706C6179746175736368223B733A31343A227265706169725F73756D6D617279223B733A32353A226F726967696E616C204170706C652045727361747A7465696C223B733A31323A227265706169725F7072696365223B733A343A2233303030223B733A31303A2270726963655F646F776E223B733A323A223530223B733A383A2273656C6563746564223B733A313A2230223B7D693A313B613A31323A7B733A393A227265706169725F6964223B733A313A2232223B733A31313A2263617465676F72795F6964223B733A313A2231223B733A31343A2263617465676F72795F7469746C65223B733A353A224170706C65223B733A31303A2270726F647563745F6964223B733A323A223136223B733A31333A2270726F647563745F7469746C65223B733A383A226950686F6E653653223B733A31373A227265706169725F6F725F73657276696365223B733A313A2231223B733A383A227375625F74797065223B733A313A2232223B733A31323A227265706169725F7469746C65223B733A32303A226950686F6E6520365320416B6B75746175736368223B733A31343A227265706169725F73756D6D617279223B733A32353A226F726967696E616C204170706C652045727361747A7465696C223B733A31323A227265706169725F7072696365223B733A333A22323030223B733A31303A2270726963655F646F776E223B733A313A2235223B733A383A2273656C6563746564223B733A313A2231223B7D693A323B613A31323A7B733A393A227265706169725F6964223B733A313A2233223B733A31313A2263617465676F72795F6964223B733A313A2231223B733A31343A2263617465676F72795F7469746C65223B733A353A224170706C65223B733A31303A2270726F647563745F6964223B733A323A223136223B733A31333A2270726F647563745F7469746C65223B733A383A226950686F6E653653223B733A31373A227265706169725F6F725F73657276696365223B733A313A2231223B733A383A227375625F74797065223B733A313A2231223B733A31323A227265706169725F7469746C65223B733A33323A2244617461206261636B757020696E636C2E20363447422055534220737469636B223B733A31343A227265706169725F73756D6D617279223B733A303A22223B733A31323A227265706169725F7072696365223B733A323A223730223B733A31303A2270726963655F646F776E223B733A313A2230223B733A383A2273656C6563746564223B733A313A2231223B7D7D696E766F6963655F69647C733A353A223638323331223B);
INSERT INTO `ci_sessions` VALUES ('ft8bin8dkrlfsashdapp0cq3k2dorbsr', '::1', 1579003599, 0x5F5F63695F6C6173745F726567656E65726174657C693A313537393030333434393B7265706169725F6F7074696F6E737C613A333A7B693A303B613A31323A7B733A393A227265706169725F6964223B733A313A2231223B733A31313A2263617465676F72795F6964223B733A313A2231223B733A31343A2263617465676F72795F7469746C65223B733A353A224170706C65223B733A31303A2270726F647563745F6964223B733A323A223136223B733A31333A2270726F647563745F7469746C65223B733A383A226950686F6E653653223B733A31373A227265706169725F6F725F73657276696365223B733A313A2231223B733A383A227375625F74797065223B733A313A2231223B733A31323A227265706169725F7469746C65223B733A32333A226950686F6E6520365320446973706C6179746175736368223B733A31343A227265706169725F73756D6D617279223B733A32353A226F726967696E616C204170706C652045727361747A7465696C223B733A31323A227265706169725F7072696365223B733A343A2233303030223B733A31303A2270726963655F646F776E223B733A323A223530223B733A383A2273656C6563746564223B733A313A2230223B7D693A313B613A31323A7B733A393A227265706169725F6964223B733A313A2232223B733A31313A2263617465676F72795F6964223B733A313A2231223B733A31343A2263617465676F72795F7469746C65223B733A353A224170706C65223B733A31303A2270726F647563745F6964223B733A323A223136223B733A31333A2270726F647563745F7469746C65223B733A383A226950686F6E653653223B733A31373A227265706169725F6F725F73657276696365223B733A313A2231223B733A383A227375625F74797065223B733A313A2232223B733A31323A227265706169725F7469746C65223B733A32303A226950686F6E6520365320416B6B75746175736368223B733A31343A227265706169725F73756D6D617279223B733A32353A226F726967696E616C204170706C652045727361747A7465696C223B733A31323A227265706169725F7072696365223B733A333A22323030223B733A31303A2270726963655F646F776E223B733A313A2235223B733A383A2273656C6563746564223B733A313A2231223B7D693A323B613A31323A7B733A393A227265706169725F6964223B733A313A2233223B733A31313A2263617465676F72795F6964223B733A313A2231223B733A31343A2263617465676F72795F7469746C65223B733A353A224170706C65223B733A31303A2270726F647563745F6964223B733A323A223136223B733A31333A2270726F647563745F7469746C65223B733A383A226950686F6E653653223B733A31373A227265706169725F6F725F73657276696365223B733A313A2231223B733A383A227375625F74797065223B733A313A2231223B733A31323A227265706169725F7469746C65223B733A33323A2244617461206261636B757020696E636C2E20363447422055534220737469636B223B733A31343A227265706169725F73756D6D617279223B733A303A22223B733A31323A227265706169725F7072696365223B733A323A223730223B733A31303A2270726963655F646F776E223B733A313A2230223B733A383A2273656C6563746564223B733A313A2230223B7D7D73656C5F6F7074737C613A313A7B693A303B613A31323A7B733A393A227265706169725F6964223B733A313A2232223B733A31313A2263617465676F72795F6964223B733A313A2231223B733A31343A2263617465676F72795F7469746C65223B733A353A224170706C65223B733A31303A2270726F647563745F6964223B733A323A223136223B733A31333A2270726F647563745F7469746C65223B733A383A226950686F6E653653223B733A31373A227265706169725F6F725F73657276696365223B733A313A2231223B733A383A227375625F74797065223B733A313A2232223B733A31323A227265706169725F7469746C65223B733A32303A226950686F6E6520365320416B6B75746175736368223B733A31343A227265706169725F73756D6D617279223B733A32353A226F726967696E616C204170706C652045727361747A7465696C223B733A31323A227265706169725F7072696365223B733A333A22323030223B733A31303A2270726963655F646F776E223B733A313A2235223B733A383A2273656C6563746564223B733A313A2231223B7D7D746F74616C5F70726963657C693A3139353B6465766963655F6D6F64656C7C733A393A226950686F6E65203653223B696E766F6963655F69647C733A353A223436353330223B74656C6570686F6E655F6E6F7C733A31343A222831313129203131312D31313131223B637572725F757365727C613A313A7B693A303B613A31353A7B733A373A22757365725F6964223B733A333A22323330223B733A343A226E616D65223B733A353A226B696D7273223B733A31303A2266697273745F6E616D65223B733A333A226B696D223B733A31323A22636F6D70616E795F6E616D65223B4E3B733A373A227375726E616D65223B733A323A227273223B733A373A2261646472657373223B733A32323A2264616E646F6E67206369747920696E20206368696E61223B733A383A22706F7374636F6465223B733A343A2231323334223B733A353A22706C616365223B733A353A226368696E61223B733A373A22636F756E747279223B733A323A224445223B733A363A227265675F6E6F223B733A303A22223B733A353A22656D61696C223B733A32363A2270726574747970616E6430373230406F75746C6F6F6B2E636F6D223B733A31323A2274656C6570686F6E655F6E6F223B733A31343A222831313129203131312D31313131223B733A383A2270617373776F7264223B733A303A22223B733A31303A22757365725F6C6576656C223B733A313A2236223B733A31313A22637573746F6D65725F6964223B733A353A223234373338223B7D7D72656775736572696E666F5F737563636573737C733A34313A225369676E20557020737563636573732120506C656173652073656520796F757220696E766F6963652E223B5F5F63695F766172737C613A313A7B733A31393A2272656775736572696E666F5F73756363657373223B733A333A226F6C64223B7D);
INSERT INTO `ci_sessions` VALUES ('d6kpa8t0rjlh0c4t41t55c024ff24ikj', '::1', 1579003960, 0x5F5F63695F6C6173745F726567656E65726174657C693A313537393030333936303B7265706169725F6F7074696F6E737C613A323A7B693A303B613A31323A7B733A393A227265706169725F6964223B733A313A2239223B733A31313A2263617465676F72795F6964223B733A313A2233223B733A31343A2263617465676F72795F7469746C65223B733A373A2253616D73756E67223B733A31303A2270726F647563745F6964223B733A323A223138223B733A31333A2270726F647563745F7469746C65223B733A383A226950686F6E652038223B733A31373A227265706169725F6F725F73657276696365223B733A313A2231223B733A383A227375625F74797065223B733A313A2231223B733A31323A227265706169725F7469746C65223B733A32323A226950686F6E65203820446973706C6179746175736368223B733A31343A227265706169725F73756D6D617279223B733A32353A226F726967696E616C204170706C652045727361747A7465696C223B733A31323A227265706169725F7072696365223B733A333A22323030223B733A31303A2270726963655F646F776E223B733A313A2235223B733A383A2273656C6563746564223B733A313A2230223B7D693A313B613A31323A7B733A393A227265706169725F6964223B733A323A223130223B733A31313A2263617465676F72795F6964223B733A313A2233223B733A31343A2263617465676F72795F7469746C65223B733A373A2253616D73756E67223B733A31303A2270726F647563745F6964223B733A323A223138223B733A31333A2270726F647563745F7469746C65223B733A383A226950686F6E652038223B733A31373A227265706169725F6F725F73657276696365223B733A313A2231223B733A383A227375625F74797065223B733A313A2232223B733A31323A227265706169725F7469746C65223B733A31393A226950686F6E65203820416B6B75746175736368223B733A31343A227265706169725F73756D6D617279223B733A32353A226F726967696E616C204170706C652045727361747A7465696C223B733A31323A227265706169725F7072696365223B733A333A22333030223B733A31303A2270726963655F646F776E223B733A313A2235223B733A383A2273656C6563746564223B733A313A2231223B7D7D73656C5F6F7074737C613A323A7B693A303B613A31323A7B733A393A227265706169725F6964223B733A323A223130223B733A31313A2263617465676F72795F6964223B733A313A2233223B733A31343A2263617465676F72795F7469746C65223B733A373A2253616D73756E67223B733A31303A2270726F647563745F6964223B733A323A223138223B733A31333A2270726F647563745F7469746C65223B733A383A226950686F6E652038223B733A31373A227265706169725F6F725F73657276696365223B733A313A2231223B733A383A227375625F74797065223B733A313A2232223B733A31323A227265706169725F7469746C65223B733A31393A226950686F6E65203820416B6B75746175736368223B733A31343A227265706169725F73756D6D617279223B733A32353A226F726967696E616C204170706C652045727361747A7465696C223B733A31323A227265706169725F7072696365223B733A333A22333030223B733A31303A2270726963655F646F776E223B733A313A2235223B733A383A2273656C6563746564223B733A313A2231223B7D693A313B613A31323A7B733A393A227265706169725F6964223B733A323A223131223B733A31313A2263617465676F72795F6964223B733A313A2233223B733A31343A2263617465676F72795F7469746C65223B733A373A2253616D73756E67223B733A31303A2270726F647563745F6964223B733A323A223138223B733A31333A2270726F647563745F7469746C65223B733A383A226950686F6E652038223B733A31373A227265706169725F6F725F73657276696365223B733A313A2232223B733A383A227375625F74797065223B733A313A2231223B733A31323A227265706169725F7469746C65223B733A33323A2244617461206261636B757020696E636C2E20363447422055534220737469636B223B733A31343A227265706169725F73756D6D617279223B4E3B733A31323A227265706169725F7072696365223B733A323A223730223B733A31303A2270726963655F646F776E223B4E3B733A383A2273656C6563746564223B733A313A2231223B7D7D746F74616C5F70726963657C693A3336353B6465766963655F6D6F64656C7C733A383A226950686F6E652038223B696E766F6963655F69647C733A353A223834373633223B74656C6570686F6E655F6E6F7C733A31343A222831313129203131312D31313131223B637572725F757365727C613A313A7B693A303B613A31353A7B733A373A22757365725F6964223B733A333A22323330223B733A343A226E616D65223B733A353A226B696D7273223B733A31303A2266697273745F6E616D65223B733A333A226B696D223B733A31323A22636F6D70616E795F6E616D65223B4E3B733A373A227375726E616D65223B733A323A227273223B733A373A2261646472657373223B733A32323A2264616E646F6E67206369747920696E20206368696E61223B733A383A22706F7374636F6465223B733A343A2231323334223B733A353A22706C616365223B733A353A226368696E61223B733A373A22636F756E747279223B733A323A224445223B733A363A227265675F6E6F223B733A303A22223B733A353A22656D61696C223B733A32363A2270726574747970616E6430373230406F75746C6F6F6B2E636F6D223B733A31323A2274656C6570686F6E655F6E6F223B733A31343A222831313129203131312D31313131223B733A383A2270617373776F7264223B733A303A22223B733A31303A22757365725F6C6576656C223B733A313A2236223B733A31313A22637573746F6D65725F6964223B733A353A223234373338223B7D7D);
INSERT INTO `ci_sessions` VALUES ('52d6kvci86f1eubr60aee1u8sdtu0elj', '::1', 1579004695, 0x5F5F63695F6C6173745F726567656E65726174657C693A313537393030343639353B73656C5F6F7074737C613A323A7B693A303B613A31323A7B733A393A227265706169725F6964223B733A323A223130223B733A31313A2263617465676F72795F6964223B733A313A2233223B733A31343A2263617465676F72795F7469746C65223B733A373A2253616D73756E67223B733A31303A2270726F647563745F6964223B733A323A223138223B733A31333A2270726F647563745F7469746C65223B733A383A226950686F6E652038223B733A31373A227265706169725F6F725F73657276696365223B733A313A2231223B733A383A227375625F74797065223B733A313A2232223B733A31323A227265706169725F7469746C65223B733A31393A226950686F6E65203820416B6B75746175736368223B733A31343A227265706169725F73756D6D617279223B733A32353A226F726967696E616C204170706C652045727361747A7465696C223B733A31323A227265706169725F7072696365223B733A333A22333030223B733A31303A2270726963655F646F776E223B733A313A2235223B733A383A2273656C6563746564223B733A313A2231223B7D693A313B613A31323A7B733A393A227265706169725F6964223B733A323A223131223B733A31313A2263617465676F72795F6964223B733A313A2233223B733A31343A2263617465676F72795F7469746C65223B733A373A2253616D73756E67223B733A31303A2270726F647563745F6964223B733A323A223138223B733A31333A2270726F647563745F7469746C65223B733A383A226950686F6E652038223B733A31373A227265706169725F6F725F73657276696365223B733A313A2232223B733A383A227375625F74797065223B733A313A2231223B733A31323A227265706169725F7469746C65223B733A33323A2244617461206261636B757020696E636C2E20363447422055534220737469636B223B733A31343A227265706169725F73756D6D617279223B4E3B733A31323A227265706169725F7072696365223B733A323A223730223B733A31303A2270726963655F646F776E223B4E3B733A383A2273656C6563746564223B733A313A2231223B7D7D746F74616C5F70726963657C693A3336353B6465766963655F6D6F64656C7C733A383A226950686F6E652038223B74656C6570686F6E655F6E6F7C733A31343A222831323129203231322D31323132223B637572725F757365727C613A313A7B693A303B613A31353A7B733A373A22757365725F6964223B733A333A22323334223B733A343A226E616D65223B733A363A22313260313260223B733A31303A2266697273745F6E616D65223B733A353A226060313260223B733A31323A22636F6D70616E795F6E616D65223B733A363A22717765717772223B733A373A227375726E616D65223B733A333A22717765223B733A373A2261646472657373223B733A353A226031717765223B733A383A22706F7374636F6465223B733A343A2231333133223B733A353A22706C616365223B733A383A226173646661736466223B733A373A22636F756E747279223B733A323A224146223B733A363A227265675F6E6F223B733A303A22223B733A353A22656D61696C223B733A31333A226173646640617364662E636F6D223B733A31323A2274656C6570686F6E655F6E6F223B733A31343A222831323129203231322D31323132223B733A383A2270617373776F7264223B733A303A22223B733A31303A22757365725F6C6576656C223B733A313A2236223B733A31313A22637573746F6D65725F6964223B733A353A223231353637223B7D7D7265706169725F6F7074696F6E737C613A323A7B693A303B613A31323A7B733A393A227265706169725F6964223B733A313A2239223B733A31313A2263617465676F72795F6964223B733A313A2233223B733A31343A2263617465676F72795F7469746C65223B733A373A2253616D73756E67223B733A31303A2270726F647563745F6964223B733A323A223138223B733A31333A2270726F647563745F7469746C65223B733A383A226950686F6E652038223B733A31373A227265706169725F6F725F73657276696365223B733A313A2231223B733A383A227375625F74797065223B733A313A2231223B733A31323A227265706169725F7469746C65223B733A32323A226950686F6E65203820446973706C6179746175736368223B733A31343A227265706169725F73756D6D617279223B733A32353A226F726967696E616C204170706C652045727361747A7465696C223B733A31323A227265706169725F7072696365223B733A333A22323030223B733A31303A2270726963655F646F776E223B733A313A2235223B733A383A2273656C6563746564223B733A313A2230223B7D693A313B613A31323A7B733A393A227265706169725F6964223B733A323A223130223B733A31313A2263617465676F72795F6964223B733A313A2233223B733A31343A2263617465676F72795F7469746C65223B733A373A2253616D73756E67223B733A31303A2270726F647563745F6964223B733A323A223138223B733A31333A2270726F647563745F7469746C65223B733A383A226950686F6E652038223B733A31373A227265706169725F6F725F73657276696365223B733A313A2231223B733A383A227375625F74797065223B733A313A2232223B733A31323A227265706169725F7469746C65223B733A31393A226950686F6E65203820416B6B75746175736368223B733A31343A227265706169725F73756D6D617279223B733A32353A226F726967696E616C204170706C652045727361747A7465696C223B733A31323A227265706169725F7072696365223B733A333A22333030223B733A31303A2270726963655F646F776E223B733A313A2235223B733A383A2273656C6563746564223B733A313A2231223B7D7D696E766F6963655F69647C733A353A223130383332223B);
INSERT INTO `ci_sessions` VALUES ('5joa4mcv981uu9p1lrjt34i5cp3ac17g', '::1', 1579005011, 0x5F5F63695F6C6173745F726567656E65726174657C693A313537393030353031313B73656C5F6F7074737C613A323A7B693A303B613A31323A7B733A393A227265706169725F6964223B733A323A223130223B733A31313A2263617465676F72795F6964223B733A313A2233223B733A31343A2263617465676F72795F7469746C65223B733A373A2253616D73756E67223B733A31303A2270726F647563745F6964223B733A323A223138223B733A31333A2270726F647563745F7469746C65223B733A383A226950686F6E652038223B733A31373A227265706169725F6F725F73657276696365223B733A313A2231223B733A383A227375625F74797065223B733A313A2232223B733A31323A227265706169725F7469746C65223B733A31393A226950686F6E65203820416B6B75746175736368223B733A31343A227265706169725F73756D6D617279223B733A32353A226F726967696E616C204170706C652045727361747A7465696C223B733A31323A227265706169725F7072696365223B733A333A22333030223B733A31303A2270726963655F646F776E223B733A313A2235223B733A383A2273656C6563746564223B733A313A2231223B7D693A313B613A31323A7B733A393A227265706169725F6964223B733A323A223131223B733A31313A2263617465676F72795F6964223B733A313A2233223B733A31343A2263617465676F72795F7469746C65223B733A373A2253616D73756E67223B733A31303A2270726F647563745F6964223B733A323A223138223B733A31333A2270726F647563745F7469746C65223B733A383A226950686F6E652038223B733A31373A227265706169725F6F725F73657276696365223B733A313A2232223B733A383A227375625F74797065223B733A313A2231223B733A31323A227265706169725F7469746C65223B733A33323A2244617461206261636B757020696E636C2E20363447422055534220737469636B223B733A31343A227265706169725F73756D6D617279223B4E3B733A31323A227265706169725F7072696365223B733A323A223730223B733A31303A2270726963655F646F776E223B4E3B733A383A2273656C6563746564223B733A313A2231223B7D7D746F74616C5F70726963657C693A3336353B6465766963655F6D6F64656C7C733A383A226950686F6E652038223B74656C6570686F6E655F6E6F7C733A31343A222833343629203333342D36333436223B637572725F757365727C613A313A7B693A303B613A31353A7B733A373A22757365725F6964223B733A333A22323335223B733A343A226E616D65223B733A31323A22617364666173646661736466223B733A31303A2266697273745F6E616D65223B733A353A226173646673223B733A31323A22636F6D70616E795F6E616D65223B733A383A226466617364666173223B733A373A227375726E616D65223B733A383A226173646661736466223B733A373A2261646472657373223B733A363A22617364666166223B733A383A22706F7374636F6465223B733A353A223233343233223B733A353A22706C616365223B733A383A226173646661736466223B733A373A22636F756E747279223B733A323A224445223B733A363A227265675F6E6F223B733A303A22223B733A353A22656D61696C223B733A31323A2233343640333436332E636F6D223B733A31323A2274656C6570686F6E655F6E6F223B733A31343A222833343629203333342D36333436223B733A383A2270617373776F7264223B733A303A22223B733A31303A22757365725F6C6576656C223B733A313A2236223B733A31313A22637573746F6D65725F6964223B733A353A223831353034223B7D7D7265706169725F6F7074696F6E737C613A323A7B693A303B613A31323A7B733A393A227265706169725F6964223B733A313A2239223B733A31313A2263617465676F72795F6964223B733A313A2233223B733A31343A2263617465676F72795F7469746C65223B733A373A2253616D73756E67223B733A31303A2270726F647563745F6964223B733A323A223138223B733A31333A2270726F647563745F7469746C65223B733A383A226950686F6E652038223B733A31373A227265706169725F6F725F73657276696365223B733A313A2231223B733A383A227375625F74797065223B733A313A2231223B733A31323A227265706169725F7469746C65223B733A32323A226950686F6E65203820446973706C6179746175736368223B733A31343A227265706169725F73756D6D617279223B733A32353A226F726967696E616C204170706C652045727361747A7465696C223B733A31323A227265706169725F7072696365223B733A333A22323030223B733A31303A2270726963655F646F776E223B733A313A2235223B733A383A2273656C6563746564223B733A313A2230223B7D693A313B613A31323A7B733A393A227265706169725F6964223B733A323A223130223B733A31313A2263617465676F72795F6964223B733A313A2233223B733A31343A2263617465676F72795F7469746C65223B733A373A2253616D73756E67223B733A31303A2270726F647563745F6964223B733A323A223138223B733A31333A2270726F647563745F7469746C65223B733A383A226950686F6E652038223B733A31373A227265706169725F6F725F73657276696365223B733A313A2231223B733A383A227375625F74797065223B733A313A2232223B733A31323A227265706169725F7469746C65223B733A31393A226950686F6E65203820416B6B75746175736368223B733A31343A227265706169725F73756D6D617279223B733A32353A226F726967696E616C204170706C652045727361747A7465696C223B733A31323A227265706169725F7072696365223B733A333A22333030223B733A31303A2270726963655F646F776E223B733A313A2235223B733A383A2273656C6563746564223B733A313A2231223B7D7D696E766F6963655F69647C733A353A223536333039223B72656775736572696E666F5F737563636573737C733A34313A225369676E20557020737563636573732120506C656173652073656520796F757220696E766F6963652E223B5F5F63695F766172737C613A313A7B733A31393A2272656775736572696E666F5F73756363657373223B733A333A226F6C64223B7D);
INSERT INTO `ci_sessions` VALUES ('01odvcv8t1a8b0p5237nlcq8hlupuuu9', '::1', 1579005100, 0x5F5F63695F6C6173745F726567656E65726174657C693A313537393030353031313B73656C5F6F7074737C613A323A7B693A303B613A31323A7B733A393A227265706169725F6964223B733A313A2239223B733A31313A2263617465676F72795F6964223B733A313A2233223B733A31343A2263617465676F72795F7469746C65223B733A373A2253616D73756E67223B733A31303A2270726F647563745F6964223B733A323A223138223B733A31333A2270726F647563745F7469746C65223B733A383A226950686F6E652038223B733A31373A227265706169725F6F725F73657276696365223B733A313A2231223B733A383A227375625F74797065223B733A313A2231223B733A31323A227265706169725F7469746C65223B733A32323A226950686F6E65203820446973706C6179746175736368223B733A31343A227265706169725F73756D6D617279223B733A32353A226F726967696E616C204170706C652045727361747A7465696C223B733A31323A227265706169725F7072696365223B733A333A22323030223B733A31303A2270726963655F646F776E223B733A313A2235223B733A383A2273656C6563746564223B733A313A2231223B7D693A313B613A31323A7B733A393A227265706169725F6964223B733A323A223130223B733A31313A2263617465676F72795F6964223B733A313A2233223B733A31343A2263617465676F72795F7469746C65223B733A373A2253616D73756E67223B733A31303A2270726F647563745F6964223B733A323A223138223B733A31333A2270726F647563745F7469746C65223B733A383A226950686F6E652038223B733A31373A227265706169725F6F725F73657276696365223B733A313A2231223B733A383A227375625F74797065223B733A313A2232223B733A31323A227265706169725F7469746C65223B733A31393A226950686F6E65203820416B6B75746175736368223B733A31343A227265706169725F73756D6D617279223B733A32353A226F726967696E616C204170706C652045727361747A7465696C223B733A31323A227265706169725F7072696365223B733A333A22333030223B733A31303A2270726963655F646F776E223B733A313A2235223B733A383A2273656C6563746564223B733A313A2231223B7D7D746F74616C5F70726963657C693A3439353B6465766963655F6D6F64656C7C733A383A226950686F6E652038223B74656C6570686F6E655F6E6F7C733A31343A222831323329203132332D31313233223B637572725F757365727C613A313A7B693A303B613A31353A7B733A373A22757365725F6964223B733A333A22323336223B733A343A226E616D65223B733A393A22313234313234313234223B733A31303A2266697273745F6E616D65223B733A393A22313234313234313234223B733A31323A22636F6D70616E795F6E616D65223B733A363A22313234313234223B733A373A227375726E616D65223B733A363A22313234313234223B733A373A2261646472657373223B733A363A22313234313234223B733A383A22706F7374636F6465223B733A353A223132333134223B733A353A22706C616365223B733A363A22313234313234223B733A373A22636F756E747279223B733A323A224445223B733A363A227265675F6E6F223B733A303A22223B733A353A22656D61696C223B733A31313A22313234403132342E636F6D223B733A31323A2274656C6570686F6E655F6E6F223B733A31343A222831323329203132332D31313233223B733A383A2270617373776F7264223B733A303A22223B733A31303A22757365725F6C6576656C223B733A313A2236223B733A31313A22637573746F6D65725F6964223B733A353A223631353439223B7D7D696E766F6963655F69647C733A353A223337353438223B757365725F69647C693A3230303B656D61696C7C733A31353A2261646D696E4061646D696E2E636F6D223B6E616D657C733A353A2261646D696E223B7265675F6E6F7C733A353A2261646D696E223B70617373776F72647C733A34303A2234306264303031353633303835666333353136353332396561316666356335656362646262656566223B757365725F6C6576656C7C693A313B6C6F67676564696E7C623A313B);

-- ----------------------------
-- Table structure for delivery
-- ----------------------------
DROP TABLE IF EXISTS `delivery`;
CREATE TABLE `delivery`  (
  `id` int(100) NOT NULL AUTO_INCREMENT,
  `invoice_id` varchar(255) CHARACTER SET utf8 COLLATE utf8_general_ci NULL DEFAULT NULL,
  `pickup_type` varchar(100) CHARACTER SET utf8 COLLATE utf8_general_ci NULL DEFAULT NULL,
  `pickup_address_type` varchar(255) CHARACTER SET utf8 COLLATE utf8_general_ci NULL DEFAULT NULL,
  `pickup_address` varchar(255) CHARACTER SET utf8 COLLATE utf8_general_ci NULL DEFAULT NULL,
  `pickup_user_id` varchar(255) CHARACTER SET utf8 COLLATE utf8_general_ci NULL DEFAULT NULL,
  `pickup_user_name` varchar(255) CHARACTER SET utf8 COLLATE utf8_general_ci NULL DEFAULT NULL,
  `pickup_date` int(100) NULL DEFAULT NULL,
  PRIMARY KEY (`id`) USING BTREE
) ENGINE = InnoDB AUTO_INCREMENT = 14 CHARACTER SET = utf8 COLLATE = utf8_general_ci ROW_FORMAT = Dynamic;

-- ----------------------------
-- Records of delivery
-- ----------------------------
INSERT INTO `delivery` VALUES (5, '35286', 'postal', '1', 'dandong city in  china', NULL, NULL, 0);
INSERT INTO `delivery` VALUES (6, '27185', 'postal', '1', 'dandong city in  china', '232', 'FU:facilityuser-1', 1579774878);
INSERT INTO `delivery` VALUES (8, '71965', 'delivery', '1', 'dandong city in  china', '232', NULL, 0);
INSERT INTO `delivery` VALUES (9, '91645', 'delivery', '0', '', '232', NULL, 0);
INSERT INTO `delivery` VALUES (10, '48651', 'postal', '0', '', NULL, NULL, 0);
INSERT INTO `delivery` VALUES (11, '08154', 'postal', '0', '', '232', 'FU:facilityuser-1', 1579774903);
INSERT INTO `delivery` VALUES (12, '35687', 'delivery', '1', 'dandong city in  china', '232', 'FU:facilityuser-1', 1579256792);
INSERT INTO `delivery` VALUES (13, '37548', 'delivery', '1', '124124', NULL, NULL, 1579177861);

-- ----------------------------
-- Table structure for deviceinfo
-- ----------------------------
DROP TABLE IF EXISTS `deviceinfo`;
CREATE TABLE `deviceinfo`  (
  `id` int(100) UNSIGNED NOT NULL AUTO_INCREMENT,
  `imei_no` int(100) NULL DEFAULT NULL,
  `cell_provider` varchar(255) CHARACTER SET utf8 COLLATE utf8_general_ci NULL DEFAULT NULL,
  `telephone_no` varchar(100) CHARACTER SET utf8 COLLATE utf8_general_ci NULL DEFAULT NULL,
  `extra_error` varchar(255) CHARACTER SET utf8 COLLATE utf8_general_ci NULL DEFAULT NULL,
  `start_timestamp` int(255) NULL DEFAULT NULL,
  `end_timestamp` int(255) NULL DEFAULT NULL,
  `repair_id` int(100) NULL DEFAULT NULL,
  `invoice_id` int(100) NULL DEFAULT NULL,
  `customer_id` int(100) NULL DEFAULT NULL,
  PRIMARY KEY (`id`) USING BTREE
) ENGINE = InnoDB AUTO_INCREMENT = 518 CHARACTER SET = utf8 COLLATE = utf8_general_ci ROW_FORMAT = Dynamic;

-- ----------------------------
-- Records of deviceinfo
-- ----------------------------
INSERT INTO `deviceinfo` VALUES (463, 11111111, '1', '(791) 622-6055', '', 0, 0, 1, 87340, 89063);
INSERT INTO `deviceinfo` VALUES (464, 11111111, '1', '(791) 622-6055', '', 0, 0, 2, 87340, 89063);
INSERT INTO `deviceinfo` VALUES (465, 1234124, '1', '(791) 622-6055', '', 0, 0, 9, 76802, 89063);
INSERT INTO `deviceinfo` VALUES (466, 1234124, '1', '(791) 622-6055', '', 0, 0, 11, 76802, 89063);
INSERT INTO `deviceinfo` VALUES (467, 12412, '1', '(111) 111-1111', '', 0, 0, 1, 12307, 60324);
INSERT INTO `deviceinfo` VALUES (468, 12412, '1', '(111) 111-1111', '', 0, 0, 2, 12307, 60324);
INSERT INTO `deviceinfo` VALUES (469, 2323, '1', '(232) 323-2323', '', 0, 0, 9, 41659, 16758);
INSERT INTO `deviceinfo` VALUES (470, 23124, '1', '(421) 412-3412', '', 0, 0, 1, 70284, NULL);
INSERT INTO `deviceinfo` VALUES (471, 123412, '1', '(142) 314-2321', '', 0, 0, 1, 92508, 24970);
INSERT INTO `deviceinfo` VALUES (472, 123412, '1', '(142) 314-2321', '', 0, 0, 2, 92508, 24970);
INSERT INTO `deviceinfo` VALUES (473, 12412, '1', '(141) 212-3412', '', 0, 0, 5, 59127, 32095);
INSERT INTO `deviceinfo` VALUES (474, 12412, '1', '(141) 212-3412', '', 0, 0, 6, 59127, 32095);
INSERT INTO `deviceinfo` VALUES (475, 12412, '1', '(141) 212-3412', '', 0, 0, 7, 59127, 32095);
INSERT INTO `deviceinfo` VALUES (476, 34525, '1', '(234) 523-4523', '', 0, 0, 2, 93724, 58104);
INSERT INTO `deviceinfo` VALUES (477, 34525, '1', '(234) 523-4523', '', 0, 0, 4, 93724, 58104);
INSERT INTO `deviceinfo` VALUES (478, 23423, '1', '(141) 241-24__', '', 0, 0, 1, 5196, NULL);
INSERT INTO `deviceinfo` VALUES (479, 23423, '1', '(141) 241-24__', '', 0, 0, 2, 5196, NULL);
INSERT INTO `deviceinfo` VALUES (480, 634563456, '1', '(763) 745-6745', '', 0, 0, 2, 24937, NULL);
INSERT INTO `deviceinfo` VALUES (481, 2412, '1', '(123) 123-1341', '', 0, 0, 1, 59260, 91064);
INSERT INTO `deviceinfo` VALUES (482, 2412, '1', '(123) 123-1341', '', 0, 0, 2, 59260, 91064);
INSERT INTO `deviceinfo` VALUES (483, 124124, '-1', '(123) 412-4124', '', 0, 0, 5, 90458, 91274);
INSERT INTO `deviceinfo` VALUES (484, 124124, '-1', '(123) 412-4124', '', 0, 0, 6, 90458, 91274);
INSERT INTO `deviceinfo` VALUES (485, 124124, '-1', '(123) 412-4124', '', 0, 0, 7, 90458, 91274);
INSERT INTO `deviceinfo` VALUES (486, 124124, '-1', '(123) 412-4124', '', 0, 0, 8, 90458, 91274);
INSERT INTO `deviceinfo` VALUES (487, 456, '1', '(456) 456-4564', '', 0, 0, 2, 75021, 83249);
INSERT INTO `deviceinfo` VALUES (488, 456, '1', '(456) 456-4564', '', 0, 0, 3, 75021, 83249);
INSERT INTO `deviceinfo` VALUES (489, 124124, '1', '(124) 124-1412', '', 0, 0, 2, 75869, 27916);
INSERT INTO `deviceinfo` VALUES (490, 124124, '1', '(124) 124-1412', '', 0, 0, 3, 75869, 27916);
INSERT INTO `deviceinfo` VALUES (491, 123, '-1', '(123) 141-2411', '', 0, 0, 1, 30924, 16438);
INSERT INTO `deviceinfo` VALUES (492, 123, '-1', '(123) 141-2411', '', 0, 0, 2, 30924, 16438);
INSERT INTO `deviceinfo` VALUES (493, 1111, '1', '(111) 111-1111', '', 0, 0, 2, 35286, 24738);
INSERT INTO `deviceinfo` VALUES (494, 1111, '1', '(111) 111-1111', '', 0, 0, 3, 35286, 24738);
INSERT INTO `deviceinfo` VALUES (495, 1111, '1', '(111) 111-1111', '', 0, 0, 4, 35286, 24738);
INSERT INTO `deviceinfo` VALUES (496, 111111, '1', '(111) 111-1111', '', 0, 0, 1, 27185, 24738);
INSERT INTO `deviceinfo` VALUES (497, 111111, '1', '(111) 111-1111', '', 0, 0, 2, 27185, 24738);
INSERT INTO `deviceinfo` VALUES (498, 1111, '1', '(111) 111-1111', '', 0, 0, 5, 96230, 24738);
INSERT INTO `deviceinfo` VALUES (499, 1111, '1', '(111) 111-1111', '', 0, 0, 6, 96230, 24738);
INSERT INTO `deviceinfo` VALUES (500, 111, '1', '(111) 111-1111', '', 0, 0, 2, 71965, 24738);
INSERT INTO `deviceinfo` VALUES (501, 1111, '1', '(111) 111-1111', '', 0, 0, 10, 91645, 24738);
INSERT INTO `deviceinfo` VALUES (502, 1231, '1', '(111) 111-1111', '', 0, 0, 9, 48651, 24738);
INSERT INTO `deviceinfo` VALUES (503, 1234, '1', '(111) 111-1111', '', 0, 0, 9, 8154, 24738);
INSERT INTO `deviceinfo` VALUES (504, 1234, '-1', '(544) 555-5555', '123121', 0, 0, 3, 84610, 82037);
INSERT INTO `deviceinfo` VALUES (505, 123, '1', '(111) 111-1111', '', 0, 0, 1, 35687, 24738);
INSERT INTO `deviceinfo` VALUES (506, 123, '1', '(111) 111-1111', '', 0, 0, 2, 35687, 24738);
INSERT INTO `deviceinfo` VALUES (507, 12312, '-1', '(111) 111-1111', '', 0, 0, 2, 68231, 24738);
INSERT INTO `deviceinfo` VALUES (508, 12312, '-1', '(111) 111-1111', '', 0, 0, 3, 68231, 24738);
INSERT INTO `deviceinfo` VALUES (509, 12412, '-1', '(111) 111-1111', '', 0, 0, 2, 46530, 24738);
INSERT INTO `deviceinfo` VALUES (510, 1111, '1', '(111) 111-1111', '', 0, 0, 10, 84763, 24738);
INSERT INTO `deviceinfo` VALUES (511, 1111, '1', '(111) 111-1111', '', 0, 0, 11, 84763, 24738);
INSERT INTO `deviceinfo` VALUES (512, 1212, '1', '(121) 212-1212', '', 0, 0, 10, 10832, 21567);
INSERT INTO `deviceinfo` VALUES (513, 1212, '1', '(121) 212-1212', '', 0, 0, 11, 10832, 21567);
INSERT INTO `deviceinfo` VALUES (514, 1212, '1', '(346) 334-6346', '', 0, 0, 10, 56309, 81504);
INSERT INTO `deviceinfo` VALUES (515, 1212, '1', '(346) 334-6346', '', 0, 0, 11, 56309, 81504);
INSERT INTO `deviceinfo` VALUES (516, 123123, '1', '(123) 123-1123', '', 0, 0, 9, 37548, 61549);
INSERT INTO `deviceinfo` VALUES (517, 123123, '1', '(123) 123-1123', '', 0, 0, 10, 37548, 61549);

-- ----------------------------
-- Table structure for invoice_history
-- ----------------------------
DROP TABLE IF EXISTS `invoice_history`;
CREATE TABLE `invoice_history`  (
  `id` int(100) NOT NULL AUTO_INCREMENT,
  `invoice_id` int(100) NULL DEFAULT NULL,
  `total_price` int(100) NULL DEFAULT NULL,
  `start_timestamp` varchar(100) CHARACTER SET utf8 COLLATE utf8_general_ci NULL DEFAULT NULL,
  `end_timestamp` varchar(100) CHARACTER SET utf8 COLLATE utf8_general_ci NULL DEFAULT NULL,
  `status` int(255) NULL DEFAULT NULL,
  `user_id` int(100) NULL DEFAULT NULL,
  `customer_id` int(100) NULL DEFAULT NULL,
  PRIMARY KEY (`id`) USING BTREE
) ENGINE = InnoDB AUTO_INCREMENT = 121 CHARACTER SET = utf8 COLLATE = utf8_general_ci ROW_FORMAT = Dynamic;

-- ----------------------------
-- Records of invoice_history
-- ----------------------------
INSERT INTO `invoice_history` VALUES (104, 35286, 300, '1578956400', '1578956400', 2, 230, 24738);
INSERT INTO `invoice_history` VALUES (105, 27185, 3195, '1578956400', '1578956400', 2, 230, 24738);
INSERT INTO `invoice_history` VALUES (106, 96230, 20295, '1578956400', '1578956400', 2, 230, 24738);
INSERT INTO `invoice_history` VALUES (107, 71965, 195, '1578956400', '1578956400', 2, 230, 24738);
INSERT INTO `invoice_history` VALUES (108, 91645, 295, '1578956400', '1578956400', 2, 230, 24738);
INSERT INTO `invoice_history` VALUES (109, 48651, 195, '1578956400', '1578956400', 2, 230, 24738);
INSERT INTO `invoice_history` VALUES (110, 8154, 195, '1578956400', '1578956400', 2, 230, 24738);
INSERT INTO `invoice_history` VALUES (111, 84610, 65, '1578956400', '1578997533', 1, 233, 82037);
INSERT INTO `invoice_history` VALUES (112, 35687, 3195, '1578956400', '1578956400', 2, 230, 24738);
INSERT INTO `invoice_history` VALUES (113, 68231, 265, '1578956400', '1578956400', 2, 230, 24738);
INSERT INTO `invoice_history` VALUES (114, 46530, 195, '1578956400', '1578956400', 2, 230, 24738);
INSERT INTO `invoice_history` VALUES (115, 46530, 195, '1578956400', '1578956400', 2, 230, 24738);
INSERT INTO `invoice_history` VALUES (116, 84763, 365, '1578956400', '1578956400', 2, 230, 24738);
INSERT INTO `invoice_history` VALUES (117, 84763, 365, '1578956400', '1578956400', 2, 230, 24738);
INSERT INTO `invoice_history` VALUES (118, 10832, 365, '1578956400', '1578956400', 2, 234, 21567);
INSERT INTO `invoice_history` VALUES (119, 56309, 365, '1578956400', '1578956400', 2, 235, 81504);
INSERT INTO `invoice_history` VALUES (120, 37548, 495, '1578956400', '1578956400', 2, 236, 61549);

-- ----------------------------
-- Table structure for products
-- ----------------------------
DROP TABLE IF EXISTS `products`;
CREATE TABLE `products`  (
  `product_id` int(10) UNSIGNED NOT NULL AUTO_INCREMENT,
  `product_title` varchar(250) CHARACTER SET latin1 COLLATE latin1_swedish_ci NOT NULL,
  `product_desc` varchar(250) CHARACTER SET latin1 COLLATE latin1_swedish_ci NOT NULL,
  `product_price` varchar(250) CHARACTER SET latin1 COLLATE latin1_swedish_ci NOT NULL,
  `new_product_price` varchar(250) CHARACTER SET latin1 COLLATE latin1_swedish_ci NOT NULL,
  `image_url` varchar(500) CHARACTER SET latin1 COLLATE latin1_swedish_ci NOT NULL,
  `location_id` int(11) NOT NULL,
  `category_id` int(11) NOT NULL,
  `user_id` int(11) NOT NULL,
  PRIMARY KEY (`product_id`) USING BTREE
) ENGINE = InnoDB AUTO_INCREMENT = 50 CHARACTER SET = latin1 COLLATE = latin1_swedish_ci ROW_FORMAT = Dynamic;

-- ----------------------------
-- Records of products
-- ----------------------------
INSERT INTO `products` VALUES (16, 'iPhone 6S', 'iPhone 6S Displaytausch<br/>(original Apple Ersatzteil)', '200', '195', 'uploads/123@outlook.com/ads/06e56889c38ed0e6d0149861db00ad6a.jpg', 1, 1, 4);
INSERT INTO `products` VALUES (17, 'iPhone7', 'iPhone 7 Displaytausch<br/>(original Apple Ersatzteil)', '200', '195', 'uploads/123@outlook.com/ads/f648a322ff754f0b6662f38bb3e2b2b4.jpg', 2, 1, 4);
INSERT INTO `products` VALUES (18, 'iPhone 8', 'iPhone 8 Displaytausch<br/>(original Apple Ersatzteil)', '200', '195', 'uploads/123@outlook.com/ads/c7d9754ac7c961138d952096ac092fc8.jpg', 3, 1, 4);
INSERT INTO `products` VALUES (19, 'iPhone8 Plus', 'iPhone 8 Plus Displaytausch<br/>(original Apple Ersatzteil)', '200', '195', 'uploads/123@outlook.com/ads/4ae92882300021f98ac195544074bafa.jpg', 4, 1, 4);
INSERT INTO `products` VALUES (24, 'galaxy-1', 'asdfasdf', '195', '', 'uploads/123@outlook.com/ads/282075299bd381cfd5b66e869f353916.jpg', 1, 2, 4);
INSERT INTO `products` VALUES (25, 'galaxy-2', 'zzxcvzxvawera', '300', '', 'uploads/123@outlook.com/ads/25d3cc0437a30c5780211ace910ad1f4.jpg', 2, 2, 4);
INSERT INTO `products` VALUES (26, 'huawei-1', 'asdfasdf', '400', '', 'uploads/123@outlook.com/ads/a72f5413bebd7f1863769887f731d907.jpg', 1, 3, 4);
INSERT INTO `products` VALUES (27, 'Sony-1', 'asdfasfdasdf', '400', '', 'uploads/123@outlook.com/ads/6375a5f69dd079b120d187d80d6fea83.jpg', 1, 4, 4);
INSERT INTO `products` VALUES (28, 'nokia-1', 'sadfasdfasdf', '300', '', 'uploads/123@outlook.com/ads/4d6942901aacbff40c030183395cce08.jpg', 1, 5, 4);
INSERT INTO `products` VALUES (29, 'lg-1', 'asdfasfadsf', '300', '', 'uploads/123@outlook.com/ads/fbb7ec853a11be605e46a50b743f56d0.jpg', 1, 6, 4);
INSERT INTO `products` VALUES (30, 'Gigaest', 'zxvzxcvxcvxcv', '400', '', 'uploads/123@outlook.com/ads/4e0008978605be2b0f2df98d25bbc2ec.jpg', 1, 7, 4);

-- ----------------------------
-- Table structure for repairs
-- ----------------------------
DROP TABLE IF EXISTS `repairs`;
CREATE TABLE `repairs`  (
  `repair_id` int(100) NOT NULL AUTO_INCREMENT,
  `category_id` int(100) NULL DEFAULT NULL,
  `category_title` varchar(255) CHARACTER SET utf8 COLLATE utf8_general_ci NULL DEFAULT NULL,
  `product_id` int(100) NULL DEFAULT NULL,
  `product_title` varchar(255) CHARACTER SET utf8 COLLATE utf8_general_ci NULL DEFAULT NULL,
  `repair_or_service` int(100) NULL DEFAULT NULL,
  `sub_type` int(100) NULL DEFAULT NULL,
  `repair_title` varchar(200) CHARACTER SET utf8 COLLATE utf8_general_ci NULL DEFAULT NULL,
  `repair_summary` varchar(200) CHARACTER SET utf8 COLLATE utf8_general_ci NULL DEFAULT NULL,
  `repair_price` int(100) NULL DEFAULT NULL,
  `price_down` int(100) NULL DEFAULT NULL,
  PRIMARY KEY (`repair_id`) USING BTREE
) ENGINE = InnoDB AUTO_INCREMENT = 15 CHARACTER SET = utf8 COLLATE = utf8_general_ci ROW_FORMAT = Dynamic;

-- ----------------------------
-- Records of repairs
-- ----------------------------
INSERT INTO `repairs` VALUES (1, 1, 'Apple', 16, 'iPhone6S', 1, 1, 'iPhone 6S Displaytausch', 'original Apple Ersatzteil', 3000, 50);
INSERT INTO `repairs` VALUES (2, 1, 'Apple', 16, 'iPhone6S', 1, 2, 'iPhone 6S Akkutausch', 'original Apple Ersatzteil', 200, 5);
INSERT INTO `repairs` VALUES (3, 1, 'Apple', 16, 'iPhone6S', 1, 1, 'Data backup incl. 64GB USB stick', '', 70, 0);
INSERT INTO `repairs` VALUES (4, 1, 'Apple', 16, 'iPhone6S', 2, 2, 'Data deletion', '', 35, 0);
INSERT INTO `repairs` VALUES (5, 2, 'Samsung', 17, 'iPhone 7', 1, 1, 'iPhone 7 Displaytausch', 'original Apple Ersatzteil', 20000, 500);
INSERT INTO `repairs` VALUES (6, 2, 'Samsung', 17, 'iPhone 7', 1, 2, 'iPhone 7 Akkutausch', 'original Apple Ersatzteil', 300, 5);
INSERT INTO `repairs` VALUES (7, 2, 'Samsung', 17, 'iPhone 7', 2, 1, 'Data backup incl. 64GB USB stick', NULL, 70, NULL);
INSERT INTO `repairs` VALUES (8, 2, 'Samsung', 17, 'iPhone 7', 2, 2, 'Data deletion', NULL, 35, NULL);
INSERT INTO `repairs` VALUES (9, 3, 'Samsung', 18, 'iPhone 8', 1, 1, 'iPhone 8 Displaytausch', 'original Apple Ersatzteil', 200, 5);
INSERT INTO `repairs` VALUES (10, 3, 'Samsung', 18, 'iPhone 8', 1, 2, 'iPhone 8 Akkutausch', 'original Apple Ersatzteil', 300, 5);
INSERT INTO `repairs` VALUES (11, 3, 'Samsung', 18, 'iPhone 8', 2, 1, 'Data backup incl. 64GB USB stick', NULL, 70, NULL);
INSERT INTO `repairs` VALUES (12, 3, 'Samsung', 18, 'iPhone 8', 2, 2, 'Data deletion', NULL, 35, NULL);

-- ----------------------------
-- Table structure for users
-- ----------------------------
DROP TABLE IF EXISTS `users`;
CREATE TABLE `users`  (
  `user_id` int(10) UNSIGNED NOT NULL AUTO_INCREMENT,
  `name` varchar(250) CHARACTER SET latin1 COLLATE latin1_swedish_ci NOT NULL,
  `first_name` varchar(255) CHARACTER SET latin1 COLLATE latin1_swedish_ci NULL DEFAULT NULL,
  `company_name` varchar(255) CHARACTER SET latin1 COLLATE latin1_swedish_ci NULL DEFAULT NULL,
  `surname` varchar(255) CHARACTER SET latin1 COLLATE latin1_swedish_ci NULL DEFAULT NULL,
  `address` varchar(255) CHARACTER SET latin1 COLLATE latin1_swedish_ci NULL DEFAULT NULL,
  `postcode` varchar(255) CHARACTER SET latin1 COLLATE latin1_swedish_ci NULL DEFAULT NULL,
  `place` varchar(255) CHARACTER SET latin1 COLLATE latin1_swedish_ci NULL DEFAULT NULL,
  `country` varchar(255) CHARACTER SET latin1 COLLATE latin1_swedish_ci NULL DEFAULT NULL,
  `reg_no` varchar(20) CHARACTER SET latin1 COLLATE latin1_swedish_ci NOT NULL,
  `email` varchar(250) CHARACTER SET latin1 COLLATE latin1_swedish_ci NOT NULL,
  `telephone_no` varchar(255) CHARACTER SET latin1 COLLATE latin1_swedish_ci NULL DEFAULT NULL,
  `password` varchar(40) CHARACTER SET latin1 COLLATE latin1_swedish_ci NOT NULL,
  `user_level` int(11) NOT NULL DEFAULT 0,
  `customer_id` int(100) NULL DEFAULT NULL,
  PRIMARY KEY (`user_id`) USING BTREE
) ENGINE = InnoDB AUTO_INCREMENT = 237 CHARACTER SET = latin1 COLLATE = latin1_swedish_ci ROW_FORMAT = Dynamic;

-- ----------------------------
-- Records of users
-- ----------------------------
INSERT INTO `users` VALUES (4, '123', '', NULL, '', '', '', '', '', '123', '123@outlook.com', '', '40bd001563085fc35165329ea1ff5c5ecbdbbeef', 2, NULL);
INSERT INTO `users` VALUES (5, '123', '', NULL, '', '', '', '', '', '123', '123@outlook.com', '', '601f1889667efaebb33b8c12572835da3f027f78', 2, NULL);
INSERT INTO `users` VALUES (200, 'admin', '', NULL, '', '', '', '', '', 'admin', 'admin@admin.com', '', '40bd001563085fc35165329ea1ff5c5ecbdbbeef', 1, NULL);
INSERT INTO `users` VALUES (230, 'kimrs', 'kim', NULL, 'rs', 'dandong city in  china', '1234', 'china', 'DE', '', 'prettypand0720@outlook.com', '(111) 111-1111', '', 6, 24738);
INSERT INTO `users` VALUES (231, 'driveruser-1', 'driver', NULL, 'user-1', 'dandong city in  china', '1234', 'wanda street', 'china', '', 'krs.345@yandex.com', '1111111111', '1', 5, NULL);
INSERT INTO `users` VALUES (232, 'facilityuser-1', 'facility', NULL, 'user-1', 'dandong city in  china', '1234', 'china', 'china', '', 'david.sadowski@yandex.com', '22222222', '2', 4, NULL);
INSERT INTO `users` VALUES (233, '2131231', '123123', '123123', '123123', '123123', '123123', '12312312', 'DE', '', '123123@123213.com', '(544) 555-5555', '', 6, 82037);
INSERT INTO `users` VALUES (234, '12`12`', '``12`', 'qweqwr', 'qwe', '`1qwe', '1313', 'asdfasdf', 'AF', '', 'asdf@asdf.com', '(121) 212-1212', '', 6, 21567);
INSERT INTO `users` VALUES (235, 'asdfasdfasdf', 'asdfs', 'dfasdfas', 'asdfasdf', 'asdfaf', '23423', 'asdfasdf', 'DE', '', '346@3463.com', '(346) 334-6346', '', 6, 81504);
INSERT INTO `users` VALUES (236, '124124124', '124124124', '124124', '124124', '124124', '12314', '124124', 'DE', '', '124@124.com', '(123) 123-1123', '', 6, 61549);

SET FOREIGN_KEY_CHECKS = 1;
